{'max_depth': 3, 'max_features': 'sqrt', 'min_samples_leaf': 1, 'min_samples_split': 2, 'n_estimators': 20}0.6098369011213048
{'max_depth': 3, 'max_features': 'sqrt', 'min_samples_leaf': 1, 'min_samples_split': 2, 'n_estimators': 100}0.6246687054026503
{'max_depth': 3, 'max_features': 'sqrt', 'min_samples_leaf': 1, 'min_samples_split': 2, 'n_estimators': 500}0.6227828746177371
{'max_depth': 3, 'max_features': 'sqrt', 'min_samples_leaf': 1, 'min_samples_split': 2, 'n_estimators': 1000}0.6246517159361196
{'max_depth': 3, 'max_features': 'sqrt', 'min_samples_leaf': 1, 'min_samples_split': 2, 'n_estimators': 1500}0.6265035677879714
{'max_depth': 3, 'max_features': 'sqrt', 'min_samples_leaf': 1, 'min_samples_split': 5, 'n_estimators': 20}0.61357458375807
{'max_depth': 3, 'max_features': 'sqrt', 'min_samples_leaf': 1, 'min_samples_split': 5, 'n_estimators': 100}0.6339279646619096
{'max_depth': 3, 'max_features': 'sqrt', 'min_samples_leaf': 1, 'min_samples_split': 5, 'n_estimators': 500}0.6135915732246009
{'max_depth': 3, 'max_features': 'sqrt', 'min_samples_leaf': 1, 'min_samples_split': 5, 'n_estimators': 1000}0.6246517159361196
{'max_depth': 3, 'max_features': 'sqrt', 'min_samples_leaf': 1, 'min_samples_split': 5, 'n_estimators': 1500}0.619096160380564
{'max_depth': 3, 'max_features': 'sqrt', 'min_samples_leaf': 1, 'min_samples_split': 20, 'n_estimators': 20}0.6208800543662928
{'max_depth': 3, 'max_features': 'sqrt', 'min_samples_leaf': 1, 'min_samples_split': 20, 'n_estimators': 100}0.6302412504247366
{'max_depth': 3, 'max_features': 'sqrt', 'min_samples_leaf': 1, 'min_samples_split': 20, 'n_estimators': 500}0.6153924566768604
{'max_depth': 3, 'max_features': 'sqrt', 'min_samples_leaf': 1, 'min_samples_split': 20, 'n_estimators': 1000}0.6283724091063541
{'max_depth': 3, 'max_features': 'sqrt', 'min_samples_leaf': 1, 'min_samples_split': 20, 'n_estimators': 1500}0.6302072714916752
{'max_depth': 3, 'max_features': 'sqrt', 'min_samples_leaf': 1, 'min_samples_split': 50, 'n_estimators': 20}0.643187223921169
{'max_depth': 3, 'max_features': 'sqrt', 'min_samples_leaf': 1, 'min_samples_split': 50, 'n_estimators': 100}0.6025144410465512
{'max_depth': 3, 'max_features': 'sqrt', 'min_samples_leaf': 1, 'min_samples_split': 50, 'n_estimators': 500}0.6154604145429833
{'max_depth': 3, 'max_features': 'sqrt', 'min_samples_leaf': 1, 'min_samples_split': 50, 'n_estimators': 1000}0.6246517159361196
{'max_depth': 3, 'max_features': 'sqrt', 'min_samples_leaf': 1, 'min_samples_split': 50, 'n_estimators': 1500}0.6264865783214407
{'max_depth': 3, 'max_features': 'sqrt', 'min_samples_leaf': 5, 'min_samples_split': 2, 'n_estimators': 20}0.6136255521576622
{'max_depth': 3, 'max_features': 'sqrt', 'min_samples_leaf': 5, 'min_samples_split': 2, 'n_estimators': 100}0.6247366632687734
{'max_depth': 3, 'max_features': 'sqrt', 'min_samples_leaf': 5, 'min_samples_split': 2, 'n_estimators': 500}0.6116717635066259
{'max_depth': 3, 'max_features': 'sqrt', 'min_samples_leaf': 5, 'min_samples_split': 2, 'n_estimators': 1000}0.6209819911654775
{'max_depth': 3, 'max_features': 'sqrt', 'min_samples_leaf': 5, 'min_samples_split': 2, 'n_estimators': 1500}0.6301732925586137
{'max_depth': 3, 'max_features': 'sqrt', 'min_samples_leaf': 5, 'min_samples_split': 5, 'n_estimators': 20}0.6061841658171934
{'max_depth': 3, 'max_features': 'sqrt', 'min_samples_leaf': 5, 'min_samples_split': 5, 'n_estimators': 100}0.61357458375807
{'max_depth': 3, 'max_features': 'sqrt', 'min_samples_leaf': 5, 'min_samples_split': 5, 'n_estimators': 500}0.617261297995243
{'max_depth': 3, 'max_features': 'sqrt', 'min_samples_leaf': 5, 'min_samples_split': 5, 'n_estimators': 1000}0.6302072714916751
{'max_depth': 3, 'max_features': 'sqrt', 'min_samples_leaf': 5, 'min_samples_split': 5, 'n_estimators': 1500}0.619096160380564
{'max_depth': 3, 'max_features': 'sqrt', 'min_samples_leaf': 5, 'min_samples_split': 20, 'n_estimators': 20}0.6025823989126742
{'max_depth': 3, 'max_features': 'sqrt', 'min_samples_leaf': 5, 'min_samples_split': 20, 'n_estimators': 100}0.6228168535507985
{'max_depth': 3, 'max_features': 'sqrt', 'min_samples_leaf': 5, 'min_samples_split': 20, 'n_estimators': 500}0.6227658851512062
{'max_depth': 3, 'max_features': 'sqrt', 'min_samples_leaf': 5, 'min_samples_split': 20, 'n_estimators': 1000}0.619096160380564
{'max_depth': 3, 'max_features': 'sqrt', 'min_samples_leaf': 5, 'min_samples_split': 20, 'n_estimators': 1500}0.6264865783214407
{'max_depth': 3, 'max_features': 'sqrt', 'min_samples_leaf': 5, 'min_samples_split': 50, 'n_estimators': 20}0.6302412504247367
{'max_depth': 3, 'max_features': 'sqrt', 'min_samples_leaf': 5, 'min_samples_split': 50, 'n_estimators': 100}0.6135575942915392
{'max_depth': 3, 'max_features': 'sqrt', 'min_samples_leaf': 5, 'min_samples_split': 50, 'n_estimators': 500}0.6246687054026504
{'max_depth': 3, 'max_features': 'sqrt', 'min_samples_leaf': 5, 'min_samples_split': 50, 'n_estimators': 1000}0.6283554196398233
{'max_depth': 3, 'max_features': 'sqrt', 'min_samples_leaf': 5, 'min_samples_split': 50, 'n_estimators': 1500}0.6228168535507985
{'max_depth': 3, 'max_features': 'sqrt', 'min_samples_leaf': 20, 'min_samples_split': 2, 'n_estimators': 20}0.6155283724091063
{'max_depth': 3, 'max_features': 'sqrt', 'min_samples_leaf': 20, 'min_samples_split': 2, 'n_estimators': 100}0.6227998640842677
{'max_depth': 3, 'max_features': 'sqrt', 'min_samples_leaf': 20, 'min_samples_split': 2, 'n_estimators': 500}0.5969758749575262
{'max_depth': 3, 'max_features': 'sqrt', 'min_samples_leaf': 20, 'min_samples_split': 2, 'n_estimators': 1000}0.6099388379204893
{'max_depth': 3, 'max_features': 'sqrt', 'min_samples_leaf': 20, 'min_samples_split': 2, 'n_estimators': 1500}0.6080699966021067
{'max_depth': 3, 'max_features': 'sqrt', 'min_samples_leaf': 20, 'min_samples_split': 5, 'n_estimators': 20}0.6172952769283044
{'max_depth': 3, 'max_features': 'sqrt', 'min_samples_leaf': 20, 'min_samples_split': 5, 'n_estimators': 100}0.633961943594971
{'max_depth': 3, 'max_features': 'sqrt', 'min_samples_leaf': 20, 'min_samples_split': 5, 'n_estimators': 500}0.6062181447502548
{'max_depth': 3, 'max_features': 'sqrt', 'min_samples_leaf': 20, 'min_samples_split': 5, 'n_estimators': 1000}0.6154774040095141
{'max_depth': 3, 'max_features': 'sqrt', 'min_samples_leaf': 20, 'min_samples_split': 5, 'n_estimators': 1500}0.6191811077132179
{'max_depth': 3, 'max_features': 'sqrt', 'min_samples_leaf': 20, 'min_samples_split': 20, 'n_estimators': 20}0.6191301393136255
{'max_depth': 3, 'max_features': 'sqrt', 'min_samples_leaf': 20, 'min_samples_split': 20, 'n_estimators': 100}0.6135915732246008
{'max_depth': 3, 'max_features': 'sqrt', 'min_samples_leaf': 20, 'min_samples_split': 20, 'n_estimators': 500}0.6099218484539586
{'max_depth': 3, 'max_features': 'sqrt', 'min_samples_leaf': 20, 'min_samples_split': 20, 'n_estimators': 1000}0.617329255861366
{'max_depth': 3, 'max_features': 'sqrt', 'min_samples_leaf': 20, 'min_samples_split': 20, 'n_estimators': 1500}0.6081039755351683
{'max_depth': 3, 'max_features': 'sqrt', 'min_samples_leaf': 20, 'min_samples_split': 50, 'n_estimators': 20}0.5932891607203533
{'max_depth': 3, 'max_features': 'sqrt', 'min_samples_leaf': 20, 'min_samples_split': 50, 'n_estimators': 100}0.6044172612979952
{'max_depth': 3, 'max_features': 'sqrt', 'min_samples_leaf': 20, 'min_samples_split': 50, 'n_estimators': 500}0.6044342507645261
{'max_depth': 3, 'max_features': 'sqrt', 'min_samples_leaf': 20, 'min_samples_split': 50, 'n_estimators': 1000}0.6043493034318723
{'max_depth': 3, 'max_features': 'sqrt', 'min_samples_leaf': 20, 'min_samples_split': 50, 'n_estimators': 1500}0.6006625891946993
{'max_depth': 3, 'max_features': 'sqrt', 'min_samples_leaf': 50, 'min_samples_split': 2, 'n_estimators': 20}0.6339109751953788
{'max_depth': 3, 'max_features': 'sqrt', 'min_samples_leaf': 50, 'min_samples_split': 2, 'n_estimators': 100}0.6210329595650697
{'max_depth': 3, 'max_features': 'sqrt', 'min_samples_leaf': 50, 'min_samples_split': 2, 'n_estimators': 500}0.6358477743798845
{'max_depth': 3, 'max_features': 'sqrt', 'min_samples_leaf': 50, 'min_samples_split': 2, 'n_estimators': 1000}0.6302752293577981
{'max_depth': 3, 'max_features': 'sqrt', 'min_samples_leaf': 50, 'min_samples_split': 2, 'n_estimators': 1500}0.6376826367652055
{'max_depth': 3, 'max_features': 'sqrt', 'min_samples_leaf': 50, 'min_samples_split': 5, 'n_estimators': 20}0.6117737003058105
{'max_depth': 3, 'max_features': 'sqrt', 'min_samples_leaf': 50, 'min_samples_split': 5, 'n_estimators': 100}0.6357968059802922
{'max_depth': 3, 'max_features': 'sqrt', 'min_samples_leaf': 50, 'min_samples_split': 5, 'n_estimators': 500}0.641335372069317
{'max_depth': 3, 'max_features': 'sqrt', 'min_samples_leaf': 50, 'min_samples_split': 5, 'n_estimators': 1000}0.6321440706761807
{'max_depth': 3, 'max_features': 'sqrt', 'min_samples_leaf': 50, 'min_samples_split': 5, 'n_estimators': 1500}0.6266055045871559
{'max_depth': 3, 'max_features': 'sqrt', 'min_samples_leaf': 50, 'min_samples_split': 20, 'n_estimators': 20}0.6265205572545021
{'max_depth': 3, 'max_features': 'sqrt', 'min_samples_leaf': 50, 'min_samples_split': 20, 'n_estimators': 100}0.6322290180088345
{'max_depth': 3, 'max_features': 'sqrt', 'min_samples_leaf': 50, 'min_samples_split': 20, 'n_estimators': 500}0.626537546721033
{'max_depth': 3, 'max_features': 'sqrt', 'min_samples_leaf': 50, 'min_samples_split': 20, 'n_estimators': 1000}0.6395514780835881
{'max_depth': 3, 'max_features': 'sqrt', 'min_samples_leaf': 50, 'min_samples_split': 20, 'n_estimators': 1500}0.6285253143051308
{'max_depth': 3, 'max_features': 'sqrt', 'min_samples_leaf': 50, 'min_samples_split': 50, 'n_estimators': 20}0.6248216106014272
{'max_depth': 3, 'max_features': 'sqrt', 'min_samples_leaf': 50, 'min_samples_split': 50, 'n_estimators': 100}0.6431702344546381
{'max_depth': 3, 'max_features': 'sqrt', 'min_samples_leaf': 50, 'min_samples_split': 50, 'n_estimators': 500}0.6413863404689093
{'max_depth': 3, 'max_features': 'sqrt', 'min_samples_leaf': 50, 'min_samples_split': 50, 'n_estimators': 1000}0.6395174991505267
{'max_depth': 3, 'max_features': 'sqrt', 'min_samples_leaf': 50, 'min_samples_split': 50, 'n_estimators': 1500}0.6247196738022426
{'max_depth': 3, 'max_features': 'log2', 'min_samples_leaf': 1, 'min_samples_split': 2, 'n_estimators': 20}0.6377675840978594
{'max_depth': 3, 'max_features': 'log2', 'min_samples_leaf': 1, 'min_samples_split': 2, 'n_estimators': 100}0.6358477743798845
{'max_depth': 3, 'max_features': 'log2', 'min_samples_leaf': 1, 'min_samples_split': 2, 'n_estimators': 500}0.6413183826027862
{'max_depth': 3, 'max_features': 'log2', 'min_samples_leaf': 1, 'min_samples_split': 2, 'n_estimators': 1000}0.6265545361875637
{'max_depth': 3, 'max_features': 'log2', 'min_samples_leaf': 1, 'min_samples_split': 2, 'n_estimators': 1500}0.639500509683996
{'max_depth': 3, 'max_features': 'log2', 'min_samples_leaf': 1, 'min_samples_split': 5, 'n_estimators': 20}0.6227488956846756
{'max_depth': 3, 'max_features': 'log2', 'min_samples_leaf': 1, 'min_samples_split': 5, 'n_estimators': 100}0.60995582738702
{'max_depth': 3, 'max_features': 'log2', 'min_samples_leaf': 1, 'min_samples_split': 5, 'n_estimators': 500}0.632195039075773
{'max_depth': 3, 'max_features': 'log2', 'min_samples_leaf': 1, 'min_samples_split': 5, 'n_estimators': 1000}0.6357628270472307
{'max_depth': 3, 'max_features': 'log2', 'min_samples_leaf': 1, 'min_samples_split': 5, 'n_estimators': 1500}0.64140332993544
{'max_depth': 3, 'max_features': 'log2', 'min_samples_leaf': 1, 'min_samples_split': 20, 'n_estimators': 20}0.6356439007815154
{'max_depth': 3, 'max_features': 'log2', 'min_samples_leaf': 1, 'min_samples_split': 20, 'n_estimators': 100}0.6542643560992184
{'max_depth': 3, 'max_features': 'log2', 'min_samples_leaf': 1, 'min_samples_split': 20, 'n_estimators': 500}0.63212708120965
{'max_depth': 3, 'max_features': 'log2', 'min_samples_leaf': 1, 'min_samples_split': 20, 'n_estimators': 1000}0.6413183826027862
{'max_depth': 3, 'max_features': 'log2', 'min_samples_leaf': 1, 'min_samples_split': 20, 'n_estimators': 1500}0.6376146788990826
{'max_depth': 3, 'max_features': 'log2', 'min_samples_leaf': 1, 'min_samples_split': 50, 'n_estimators': 20}0.6708460754332315
{'max_depth': 3, 'max_features': 'log2', 'min_samples_leaf': 1, 'min_samples_split': 50, 'n_estimators': 100}0.6376146788990826
{'max_depth': 3, 'max_features': 'log2', 'min_samples_leaf': 1, 'min_samples_split': 50, 'n_estimators': 500}0.624685694869181
{'max_depth': 3, 'max_features': 'log2', 'min_samples_leaf': 1, 'min_samples_split': 50, 'n_estimators': 1000}0.650611620795107
{'max_depth': 3, 'max_features': 'log2', 'min_samples_leaf': 1, 'min_samples_split': 50, 'n_estimators': 1500}0.6357968059802922
{'max_depth': 3, 'max_features': 'log2', 'min_samples_leaf': 5, 'min_samples_split': 2, 'n_estimators': 20}0.5896194359497111
{'max_depth': 3, 'max_features': 'log2', 'min_samples_leaf': 5, 'min_samples_split': 2, 'n_estimators': 100}0.6227998640842678
{'max_depth': 3, 'max_features': 'log2', 'min_samples_leaf': 5, 'min_samples_split': 2, 'n_estimators': 500}0.6043832823649338
{'max_depth': 3, 'max_features': 'log2', 'min_samples_leaf': 5, 'min_samples_split': 2, 'n_estimators': 1000}0.6228678219503907
{'max_depth': 3, 'max_features': 'log2', 'min_samples_leaf': 5, 'min_samples_split': 2, 'n_estimators': 1500}0.6394495412844037
{'max_depth': 3, 'max_features': 'log2', 'min_samples_leaf': 5, 'min_samples_split': 5, 'n_estimators': 20}0.6025144410465512
{'max_depth': 3, 'max_features': 'log2', 'min_samples_leaf': 5, 'min_samples_split': 5, 'n_estimators': 100}0.6394665307509345
{'max_depth': 3, 'max_features': 'log2', 'min_samples_leaf': 5, 'min_samples_split': 5, 'n_estimators': 500}0.6266224940536868
{'max_depth': 3, 'max_features': 'log2', 'min_samples_leaf': 5, 'min_samples_split': 5, 'n_estimators': 1000}0.6265205572545022
{'max_depth': 3, 'max_features': 'log2', 'min_samples_leaf': 5, 'min_samples_split': 5, 'n_estimators': 1500}0.6247026843357119
{'max_depth': 3, 'max_features': 'log2', 'min_samples_leaf': 5, 'min_samples_split': 20, 'n_estimators': 20}0.6080699966021067
{'max_depth': 3, 'max_features': 'log2', 'min_samples_leaf': 5, 'min_samples_split': 20, 'n_estimators': 100}0.6413863404689093
{'max_depth': 3, 'max_features': 'log2', 'min_samples_leaf': 5, 'min_samples_split': 20, 'n_estimators': 500}0.6265885151206252
{'max_depth': 3, 'max_features': 'log2', 'min_samples_leaf': 5, 'min_samples_split': 20, 'n_estimators': 1000}0.6357628270472306
{'max_depth': 3, 'max_features': 'log2', 'min_samples_leaf': 5, 'min_samples_split': 20, 'n_estimators': 1500}0.6339109751953788
{'max_depth': 3, 'max_features': 'log2', 'min_samples_leaf': 5, 'min_samples_split': 50, 'n_estimators': 20}0.6063540604825007
{'max_depth': 3, 'max_features': 'log2', 'min_samples_leaf': 5, 'min_samples_split': 50, 'n_estimators': 100}0.6560652395514781
{'max_depth': 3, 'max_features': 'log2', 'min_samples_leaf': 5, 'min_samples_split': 50, 'n_estimators': 500}0.6486748216106014
{'max_depth': 3, 'max_features': 'log2', 'min_samples_leaf': 5, 'min_samples_split': 50, 'n_estimators': 1000}0.6302582398912674
{'max_depth': 3, 'max_features': 'log2', 'min_samples_leaf': 5, 'min_samples_split': 50, 'n_estimators': 1500}0.6321100917431192
{'max_depth': 3, 'max_features': 'log2', 'min_samples_leaf': 20, 'min_samples_split': 2, 'n_estimators': 20}0.5934420659191301
{'max_depth': 3, 'max_features': 'log2', 'min_samples_leaf': 20, 'min_samples_split': 2, 'n_estimators': 100}0.6340808698606863
{'max_depth': 3, 'max_features': 'log2', 'min_samples_leaf': 20, 'min_samples_split': 2, 'n_estimators': 500}0.6210329595650697
{'max_depth': 3, 'max_features': 'log2', 'min_samples_leaf': 20, 'min_samples_split': 2, 'n_estimators': 1000}0.60995582738702
{'max_depth': 3, 'max_features': 'log2', 'min_samples_leaf': 20, 'min_samples_split': 2, 'n_estimators': 1500}0.5988617057424397
{'max_depth': 3, 'max_features': 'log2', 'min_samples_leaf': 20, 'min_samples_split': 5, 'n_estimators': 20}0.5434420659191301
{'max_depth': 3, 'max_features': 'log2', 'min_samples_leaf': 20, 'min_samples_split': 5, 'n_estimators': 100}0.591539245667686
{'max_depth': 3, 'max_features': 'log2', 'min_samples_leaf': 20, 'min_samples_split': 5, 'n_estimators': 500}0.6062011552837242
{'max_depth': 3, 'max_features': 'log2', 'min_samples_leaf': 20, 'min_samples_split': 5, 'n_estimators': 1000}0.6228678219503907
{'max_depth': 3, 'max_features': 'log2', 'min_samples_leaf': 20, 'min_samples_split': 5, 'n_estimators': 1500}0.6173292558613659
{'max_depth': 3, 'max_features': 'log2', 'min_samples_leaf': 20, 'min_samples_split': 20, 'n_estimators': 20}0.521219843696908
{'max_depth': 3, 'max_features': 'log2', 'min_samples_leaf': 20, 'min_samples_split': 20, 'n_estimators': 100}0.6209140332993544
{'max_depth': 3, 'max_features': 'log2', 'min_samples_leaf': 20, 'min_samples_split': 20, 'n_estimators': 500}0.6431192660550458
{'max_depth': 3, 'max_features': 'log2', 'min_samples_leaf': 20, 'min_samples_split': 20, 'n_estimators': 1000}0.619164118246687
{'max_depth': 3, 'max_features': 'log2', 'min_samples_leaf': 20, 'min_samples_split': 20, 'n_estimators': 1500}0.604434250764526
{'max_depth': 3, 'max_features': 'log2', 'min_samples_leaf': 20, 'min_samples_split': 50, 'n_estimators': 20}0.5340129119945634
{'max_depth': 3, 'max_features': 'log2', 'min_samples_leaf': 20, 'min_samples_split': 50, 'n_estimators': 100}0.6468909276248725
{'max_depth': 3, 'max_features': 'log2', 'min_samples_leaf': 20, 'min_samples_split': 50, 'n_estimators': 500}0.6191471287801563
{'max_depth': 3, 'max_features': 'log2', 'min_samples_leaf': 20, 'min_samples_split': 50, 'n_estimators': 1000}0.6209650016989465
{'max_depth': 3, 'max_features': 'log2', 'min_samples_leaf': 20, 'min_samples_split': 50, 'n_estimators': 1500}0.6154604145429834
{'max_depth': 3, 'max_features': 'log2', 'min_samples_leaf': 50, 'min_samples_split': 2, 'n_estimators': 20}0.5861026163778458
{'max_depth': 3, 'max_features': 'log2', 'min_samples_leaf': 50, 'min_samples_split': 2, 'n_estimators': 100}0.6579170914033299
{'max_depth': 3, 'max_features': 'log2', 'min_samples_leaf': 50, 'min_samples_split': 2, 'n_estimators': 500}0.6321950390757729
{'max_depth': 3, 'max_features': 'log2', 'min_samples_leaf': 50, 'min_samples_split': 2, 'n_estimators': 1000}0.6211518858307848
{'max_depth': 3, 'max_features': 'log2', 'min_samples_leaf': 50, 'min_samples_split': 2, 'n_estimators': 1500}0.6413693510023786
{'max_depth': 3, 'max_features': 'log2', 'min_samples_leaf': 50, 'min_samples_split': 5, 'n_estimators': 20}0.5415222562011552
{'max_depth': 3, 'max_features': 'log2', 'min_samples_leaf': 50, 'min_samples_split': 5, 'n_estimators': 100}0.6061501868841319
{'max_depth': 3, 'max_features': 'log2', 'min_samples_leaf': 50, 'min_samples_split': 5, 'n_estimators': 500}0.624702684335712
{'max_depth': 3, 'max_features': 'log2', 'min_samples_leaf': 50, 'min_samples_split': 5, 'n_estimators': 1000}0.6635575942915393
{'max_depth': 3, 'max_features': 'log2', 'min_samples_leaf': 50, 'min_samples_split': 5, 'n_estimators': 1500}0.6081549439347606
{'max_depth': 3, 'max_features': 'log2', 'min_samples_leaf': 50, 'min_samples_split': 20, 'n_estimators': 20}0.5636595310907238
{'max_depth': 3, 'max_features': 'log2', 'min_samples_leaf': 50, 'min_samples_split': 20, 'n_estimators': 100}0.6543493034318721
{'max_depth': 3, 'max_features': 'log2', 'min_samples_leaf': 50, 'min_samples_split': 20, 'n_estimators': 500}0.6395174991505266
{'max_depth': 3, 'max_features': 'log2', 'min_samples_leaf': 50, 'min_samples_split': 20, 'n_estimators': 1000}0.645090044172613
{'max_depth': 3, 'max_features': 'log2', 'min_samples_leaf': 50, 'min_samples_split': 20, 'n_estimators': 1500}0.6413863404689093
{'max_depth': 3, 'max_features': 'log2', 'min_samples_leaf': 50, 'min_samples_split': 50, 'n_estimators': 20}0.5766224940536867
{'max_depth': 3, 'max_features': 'log2', 'min_samples_leaf': 50, 'min_samples_split': 50, 'n_estimators': 100}0.6005776418620455
{'max_depth': 3, 'max_features': 'log2', 'min_samples_leaf': 50, 'min_samples_split': 50, 'n_estimators': 500}0.6507305470608222
{'max_depth': 3, 'max_features': 'log2', 'min_samples_leaf': 50, 'min_samples_split': 50, 'n_estimators': 1000}0.6247536527353041
{'max_depth': 3, 'max_features': 'log2', 'min_samples_leaf': 50, 'min_samples_split': 50, 'n_estimators': 1500}0.6265545361875637
{'max_depth': 3, 'max_features': None, 'min_samples_leaf': 1, 'min_samples_split': 2, 'n_estimators': 20}0.6172273190621815
{'max_depth': 3, 'max_features': None, 'min_samples_leaf': 1, 'min_samples_split': 2, 'n_estimators': 100}0.6098369011213047
{'max_depth': 3, 'max_features': None, 'min_samples_leaf': 1, 'min_samples_split': 2, 'n_estimators': 500}0.619028202514441
{'max_depth': 3, 'max_features': None, 'min_samples_leaf': 1, 'min_samples_split': 2, 'n_estimators': 1000}0.6098029221882433
{'max_depth': 3, 'max_features': None, 'min_samples_leaf': 1, 'min_samples_split': 2, 'n_estimators': 1500}0.619028202514441
{'max_depth': 3, 'max_features': None, 'min_samples_leaf': 1, 'min_samples_split': 5, 'n_estimators': 20}0.6319911654774041
{'max_depth': 3, 'max_features': None, 'min_samples_leaf': 1, 'min_samples_split': 5, 'n_estimators': 100}0.611671763506626
{'max_depth': 3, 'max_features': None, 'min_samples_leaf': 1, 'min_samples_split': 5, 'n_estimators': 500}0.6116547740400952
{'max_depth': 3, 'max_features': None, 'min_samples_leaf': 1, 'min_samples_split': 5, 'n_estimators': 1000}0.6172103295956506
{'max_depth': 3, 'max_features': None, 'min_samples_leaf': 1, 'min_samples_split': 5, 'n_estimators': 1500}0.6208970438328236
{'max_depth': 3, 'max_features': None, 'min_samples_leaf': 1, 'min_samples_split': 20, 'n_estimators': 20}0.6337920489296637
{'max_depth': 3, 'max_features': None, 'min_samples_leaf': 1, 'min_samples_split': 20, 'n_estimators': 100}0.6245327896704044
{'max_depth': 3, 'max_features': None, 'min_samples_leaf': 1, 'min_samples_split': 20, 'n_estimators': 500}0.6190112130479103
{'max_depth': 3, 'max_features': None, 'min_samples_leaf': 1, 'min_samples_split': 20, 'n_estimators': 1000}0.6079680598029221
{'max_depth': 3, 'max_features': None, 'min_samples_leaf': 1, 'min_samples_split': 20, 'n_estimators': 1500}0.6172103295956508
{'max_depth': 3, 'max_features': None, 'min_samples_leaf': 1, 'min_samples_split': 50, 'n_estimators': 20}0.6079680598029221
{'max_depth': 3, 'max_features': None, 'min_samples_leaf': 1, 'min_samples_split': 50, 'n_estimators': 100}0.6153075093442066
{'max_depth': 3, 'max_features': None, 'min_samples_leaf': 1, 'min_samples_split': 50, 'n_estimators': 500}0.6116547740400952
{'max_depth': 3, 'max_features': None, 'min_samples_leaf': 1, 'min_samples_split': 50, 'n_estimators': 1000}0.6190621814475026
{'max_depth': 3, 'max_features': None, 'min_samples_leaf': 1, 'min_samples_split': 50, 'n_estimators': 1500}0.6116547740400952
{'max_depth': 3, 'max_features': None, 'min_samples_leaf': 5, 'min_samples_split': 2, 'n_estimators': 20}0.6060822290180088
{'max_depth': 3, 'max_features': None, 'min_samples_leaf': 5, 'min_samples_split': 2, 'n_estimators': 100}0.6301223241590215
{'max_depth': 3, 'max_features': None, 'min_samples_leaf': 5, 'min_samples_split': 2, 'n_estimators': 500}0.6153075093442066
{'max_depth': 3, 'max_features': None, 'min_samples_leaf': 5, 'min_samples_split': 2, 'n_estimators': 1000}0.6134726469588855
{'max_depth': 3, 'max_features': None, 'min_samples_leaf': 5, 'min_samples_split': 2, 'n_estimators': 1500}0.6098029221882433
{'max_depth': 3, 'max_features': None, 'min_samples_leaf': 5, 'min_samples_split': 5, 'n_estimators': 20}0.6134726469588855
{'max_depth': 3, 'max_features': None, 'min_samples_leaf': 5, 'min_samples_split': 5, 'n_estimators': 100}0.6264186204553178
{'max_depth': 3, 'max_features': None, 'min_samples_leaf': 5, 'min_samples_split': 5, 'n_estimators': 500}0.6171593611960585
{'max_depth': 3, 'max_features': None, 'min_samples_leaf': 5, 'min_samples_split': 5, 'n_estimators': 1000}0.6153244988107373
{'max_depth': 3, 'max_features': None, 'min_samples_leaf': 5, 'min_samples_split': 5, 'n_estimators': 1500}0.6116377845735644
{'max_depth': 3, 'max_features': None, 'min_samples_leaf': 5, 'min_samples_split': 20, 'n_estimators': 20}0.611671763506626
{'max_depth': 3, 'max_features': None, 'min_samples_leaf': 5, 'min_samples_split': 20, 'n_estimators': 100}0.6245667686034657
{'max_depth': 3, 'max_features': None, 'min_samples_leaf': 5, 'min_samples_split': 20, 'n_estimators': 500}0.6135066258919469
{'max_depth': 3, 'max_features': None, 'min_samples_leaf': 5, 'min_samples_split': 20, 'n_estimators': 1000}0.6134726469588855
{'max_depth': 3, 'max_features': None, 'min_samples_leaf': 5, 'min_samples_split': 20, 'n_estimators': 1500}0.6171593611960585
{'max_depth': 3, 'max_features': None, 'min_samples_leaf': 5, 'min_samples_split': 50, 'n_estimators': 20}0.6079340808698607
{'max_depth': 3, 'max_features': None, 'min_samples_leaf': 5, 'min_samples_split': 50, 'n_estimators': 100}0.6098708800543664
{'max_depth': 3, 'max_features': None, 'min_samples_leaf': 5, 'min_samples_split': 50, 'n_estimators': 500}0.6171423717295277
{'max_depth': 3, 'max_features': None, 'min_samples_leaf': 5, 'min_samples_split': 50, 'n_estimators': 1000}0.6153244988107374
{'max_depth': 3, 'max_features': None, 'min_samples_leaf': 5, 'min_samples_split': 50, 'n_estimators': 1500}0.6208800543662929
{'max_depth': 3, 'max_features': None, 'min_samples_leaf': 20, 'min_samples_split': 2, 'n_estimators': 20}0.6209480122324159
{'max_depth': 3, 'max_features': None, 'min_samples_leaf': 20, 'min_samples_split': 2, 'n_estimators': 100}0.6153754672103295
{'max_depth': 3, 'max_features': None, 'min_samples_leaf': 20, 'min_samples_split': 2, 'n_estimators': 500}0.6079510703363914
{'max_depth': 3, 'max_features': None, 'min_samples_leaf': 20, 'min_samples_split': 2, 'n_estimators': 1000}0.6135236153584778
{'max_depth': 3, 'max_features': None, 'min_samples_leaf': 20, 'min_samples_split': 2, 'n_estimators': 1500}0.6042813455657492
{'max_depth': 3, 'max_features': None, 'min_samples_leaf': 20, 'min_samples_split': 5, 'n_estimators': 20}0.6135236153584778
{'max_depth': 3, 'max_features': None, 'min_samples_leaf': 20, 'min_samples_split': 5, 'n_estimators': 100}0.6098708800543663
{'max_depth': 3, 'max_features': None, 'min_samples_leaf': 20, 'min_samples_split': 5, 'n_estimators': 500}0.6135406048250085
{'max_depth': 3, 'max_features': None, 'min_samples_leaf': 20, 'min_samples_split': 5, 'n_estimators': 1000}0.6135406048250085
{'max_depth': 3, 'max_features': None, 'min_samples_leaf': 20, 'min_samples_split': 5, 'n_estimators': 1500}0.6135236153584778
{'max_depth': 3, 'max_features': None, 'min_samples_leaf': 20, 'min_samples_split': 20, 'n_estimators': 20}0.6154604145429834
{'max_depth': 3, 'max_features': None, 'min_samples_leaf': 20, 'min_samples_split': 20, 'n_estimators': 100}0.6153584777437989
{'max_depth': 3, 'max_features': None, 'min_samples_leaf': 20, 'min_samples_split': 20, 'n_estimators': 500}0.6135236153584778
{'max_depth': 3, 'max_features': None, 'min_samples_leaf': 20, 'min_samples_split': 20, 'n_estimators': 1000}0.6135406048250085
{'max_depth': 3, 'max_features': None, 'min_samples_leaf': 20, 'min_samples_split': 20, 'n_estimators': 1500}0.6060822290180088
{'max_depth': 3, 'max_features': None, 'min_samples_leaf': 20, 'min_samples_split': 50, 'n_estimators': 20}0.602395514780836
{'max_depth': 3, 'max_features': None, 'min_samples_leaf': 20, 'min_samples_split': 50, 'n_estimators': 100}0.6098369011213048
{'max_depth': 3, 'max_features': None, 'min_samples_leaf': 20, 'min_samples_split': 50, 'n_estimators': 500}0.6098199116547741
{'max_depth': 3, 'max_features': None, 'min_samples_leaf': 20, 'min_samples_split': 50, 'n_estimators': 1000}0.613506625891947
{'max_depth': 3, 'max_features': None, 'min_samples_leaf': 20, 'min_samples_split': 50, 'n_estimators': 1500}0.607985049269453
{'max_depth': 3, 'max_features': None, 'min_samples_leaf': 50, 'min_samples_split': 2, 'n_estimators': 20}0.6007815154604145
{'max_depth': 3, 'max_features': None, 'min_samples_leaf': 50, 'min_samples_split': 2, 'n_estimators': 100}0.5841828066598709
{'max_depth': 3, 'max_features': None, 'min_samples_leaf': 50, 'min_samples_split': 2, 'n_estimators': 500}0.5970778117567108
{'max_depth': 3, 'max_features': None, 'min_samples_leaf': 50, 'min_samples_split': 2, 'n_estimators': 1000}0.5952089704383281
{'max_depth': 3, 'max_features': None, 'min_samples_leaf': 50, 'min_samples_split': 2, 'n_estimators': 1500}0.5970608222901801
{'max_depth': 3, 'max_features': None, 'min_samples_leaf': 50, 'min_samples_split': 5, 'n_estimators': 20}0.5860006795786612
{'max_depth': 3, 'max_features': None, 'min_samples_leaf': 50, 'min_samples_split': 5, 'n_estimators': 100}0.5896873938158341
{'max_depth': 3, 'max_features': None, 'min_samples_leaf': 50, 'min_samples_split': 5, 'n_estimators': 500}0.595225959904859
{'max_depth': 3, 'max_features': None, 'min_samples_leaf': 50, 'min_samples_split': 5, 'n_estimators': 1000}0.591539245667686
{'max_depth': 3, 'max_features': None, 'min_samples_leaf': 50, 'min_samples_split': 5, 'n_estimators': 1500}0.5952429493713898
{'max_depth': 3, 'max_features': None, 'min_samples_leaf': 50, 'min_samples_split': 20, 'n_estimators': 20}0.5915732246007476
{'max_depth': 3, 'max_features': None, 'min_samples_leaf': 50, 'min_samples_split': 20, 'n_estimators': 100}0.6007645259938837
{'max_depth': 3, 'max_features': None, 'min_samples_leaf': 50, 'min_samples_split': 20, 'n_estimators': 500}0.5970608222901801
{'max_depth': 3, 'max_features': None, 'min_samples_leaf': 50, 'min_samples_split': 20, 'n_estimators': 1000}0.593391097519538
{'max_depth': 3, 'max_features': None, 'min_samples_leaf': 50, 'min_samples_split': 20, 'n_estimators': 1500}0.5970778117567108
{'max_depth': 3, 'max_features': None, 'min_samples_leaf': 50, 'min_samples_split': 50, 'n_estimators': 20}0.5934420659191302
{'max_depth': 3, 'max_features': None, 'min_samples_leaf': 50, 'min_samples_split': 50, 'n_estimators': 100}0.6026333673122664
{'max_depth': 3, 'max_features': None, 'min_samples_leaf': 50, 'min_samples_split': 50, 'n_estimators': 500}0.5934250764525995
{'max_depth': 3, 'max_features': None, 'min_samples_leaf': 50, 'min_samples_split': 50, 'n_estimators': 1000}0.595225959904859
{'max_depth': 3, 'max_features': None, 'min_samples_leaf': 50, 'min_samples_split': 50, 'n_estimators': 1500}0.595225959904859
{'max_depth': 6, 'max_features': 'sqrt', 'min_samples_leaf': 1, 'min_samples_split': 2, 'n_estimators': 20}0.6543153244988107
{'max_depth': 6, 'max_features': 'sqrt', 'min_samples_leaf': 1, 'min_samples_split': 2, 'n_estimators': 100}0.6394665307509345
{'max_depth': 6, 'max_features': 'sqrt', 'min_samples_leaf': 1, 'min_samples_split': 2, 'n_estimators': 500}0.6173292558613659
{'max_depth': 6, 'max_features': 'sqrt', 'min_samples_leaf': 1, 'min_samples_split': 2, 'n_estimators': 1000}0.63212708120965
{'max_depth': 6, 'max_features': 'sqrt', 'min_samples_leaf': 1, 'min_samples_split': 2, 'n_estimators': 1500}0.6247196738022427
{'max_depth': 6, 'max_features': 'sqrt', 'min_samples_leaf': 1, 'min_samples_split': 5, 'n_estimators': 20}0.6542983350322801
{'max_depth': 6, 'max_features': 'sqrt', 'min_samples_leaf': 1, 'min_samples_split': 5, 'n_estimators': 100}0.6265715256540945
{'max_depth': 6, 'max_features': 'sqrt', 'min_samples_leaf': 1, 'min_samples_split': 5, 'n_estimators': 500}0.633961943594971
{'max_depth': 6, 'max_features': 'sqrt', 'min_samples_leaf': 1, 'min_samples_split': 5, 'n_estimators': 1000}0.6247196738022427
{'max_depth': 6, 'max_features': 'sqrt', 'min_samples_leaf': 1, 'min_samples_split': 5, 'n_estimators': 1500}0.630292218824329
{'max_depth': 6, 'max_features': 'sqrt', 'min_samples_leaf': 1, 'min_samples_split': 20, 'n_estimators': 20}0.654230377166157
{'max_depth': 6, 'max_features': 'sqrt', 'min_samples_leaf': 1, 'min_samples_split': 20, 'n_estimators': 100}0.6320931022765885
{'max_depth': 6, 'max_features': 'sqrt', 'min_samples_leaf': 1, 'min_samples_split': 20, 'n_estimators': 500}0.6265545361875636
{'max_depth': 6, 'max_features': 'sqrt', 'min_samples_leaf': 1, 'min_samples_split': 20, 'n_estimators': 1000}0.6320761128100577
{'max_depth': 6, 'max_features': 'sqrt', 'min_samples_leaf': 1, 'min_samples_split': 20, 'n_estimators': 1500}0.6284063880394156
{'max_depth': 6, 'max_features': 'sqrt', 'min_samples_leaf': 1, 'min_samples_split': 50, 'n_estimators': 20}0.6339789330615019
{'max_depth': 6, 'max_features': 'sqrt', 'min_samples_leaf': 1, 'min_samples_split': 50, 'n_estimators': 100}0.6486578321440707
{'max_depth': 6, 'max_features': 'sqrt', 'min_samples_leaf': 1, 'min_samples_split': 50, 'n_estimators': 500}0.6246517159361197
{'max_depth': 6, 'max_features': 'sqrt', 'min_samples_leaf': 1, 'min_samples_split': 50, 'n_estimators': 1000}0.6247026843357119
{'max_depth': 6, 'max_features': 'sqrt', 'min_samples_leaf': 1, 'min_samples_split': 50, 'n_estimators': 1500}0.6228338430173292
{'max_depth': 6, 'max_features': 'sqrt', 'min_samples_leaf': 5, 'min_samples_split': 2, 'n_estimators': 20}0.6301732925586137
{'max_depth': 6, 'max_features': 'sqrt', 'min_samples_leaf': 5, 'min_samples_split': 2, 'n_estimators': 100}0.6209650016989466
{'max_depth': 6, 'max_features': 'sqrt', 'min_samples_leaf': 5, 'min_samples_split': 2, 'n_estimators': 500}0.6228168535507985
{'max_depth': 6, 'max_features': 'sqrt', 'min_samples_leaf': 5, 'min_samples_split': 2, 'n_estimators': 1000}0.6283893985728848
{'max_depth': 6, 'max_features': 'sqrt', 'min_samples_leaf': 5, 'min_samples_split': 2, 'n_estimators': 1500}0.6320761128100577
{'max_depth': 6, 'max_features': 'sqrt', 'min_samples_leaf': 5, 'min_samples_split': 5, 'n_estimators': 20}0.6263846415222563
{'max_depth': 6, 'max_features': 'sqrt', 'min_samples_leaf': 5, 'min_samples_split': 5, 'n_estimators': 100}0.6320421338769963
{'max_depth': 6, 'max_features': 'sqrt', 'min_samples_leaf': 5, 'min_samples_split': 5, 'n_estimators': 500}0.6191131498470949
{'max_depth': 6, 'max_features': 'sqrt', 'min_samples_leaf': 5, 'min_samples_split': 5, 'n_estimators': 1000}0.6228338430173294
{'max_depth': 6, 'max_features': 'sqrt', 'min_samples_leaf': 5, 'min_samples_split': 5, 'n_estimators': 1500}0.6227998640842678
{'max_depth': 6, 'max_features': 'sqrt', 'min_samples_leaf': 5, 'min_samples_split': 20, 'n_estimators': 20}0.624685694869181
{'max_depth': 6, 'max_features': 'sqrt', 'min_samples_leaf': 5, 'min_samples_split': 20, 'n_estimators': 100}0.6172782874617737
{'max_depth': 6, 'max_features': 'sqrt', 'min_samples_leaf': 5, 'min_samples_split': 20, 'n_estimators': 500}0.615409446143391
{'max_depth': 6, 'max_features': 'sqrt', 'min_samples_leaf': 5, 'min_samples_split': 20, 'n_estimators': 1000}0.6264865783214407
{'max_depth': 6, 'max_features': 'sqrt', 'min_samples_leaf': 5, 'min_samples_split': 20, 'n_estimators': 1500}0.6246517159361196
{'max_depth': 6, 'max_features': 'sqrt', 'min_samples_leaf': 5, 'min_samples_split': 50, 'n_estimators': 20}0.6284063880394155
{'max_depth': 6, 'max_features': 'sqrt', 'min_samples_leaf': 5, 'min_samples_split': 50, 'n_estimators': 100}0.6209140332993544
{'max_depth': 6, 'max_features': 'sqrt', 'min_samples_leaf': 5, 'min_samples_split': 50, 'n_estimators': 500}0.6136255521576622
{'max_depth': 6, 'max_features': 'sqrt', 'min_samples_leaf': 5, 'min_samples_split': 50, 'n_estimators': 1000}0.6338939857288481
{'max_depth': 6, 'max_features': 'sqrt', 'min_samples_leaf': 5, 'min_samples_split': 50, 'n_estimators': 1500}0.619096160380564
{'max_depth': 6, 'max_features': 'sqrt', 'min_samples_leaf': 20, 'min_samples_split': 2, 'n_estimators': 20}0.6172273190621815
{'max_depth': 6, 'max_features': 'sqrt', 'min_samples_leaf': 20, 'min_samples_split': 2, 'n_estimators': 100}0.6007815154604146
{'max_depth': 6, 'max_features': 'sqrt', 'min_samples_leaf': 20, 'min_samples_split': 2, 'n_estimators': 500}0.6063030920829087
{'max_depth': 6, 'max_features': 'sqrt', 'min_samples_leaf': 20, 'min_samples_split': 2, 'n_estimators': 1000}0.6136255521576623
{'max_depth': 6, 'max_features': 'sqrt', 'min_samples_leaf': 20, 'min_samples_split': 2, 'n_estimators': 1500}0.6099388379204893
{'max_depth': 6, 'max_features': 'sqrt', 'min_samples_leaf': 20, 'min_samples_split': 5, 'n_estimators': 20}0.6228678219503907
{'max_depth': 6, 'max_features': 'sqrt', 'min_samples_leaf': 20, 'min_samples_split': 5, 'n_estimators': 100}0.5950730547060823
{'max_depth': 6, 'max_features': 'sqrt', 'min_samples_leaf': 20, 'min_samples_split': 5, 'n_estimators': 500}0.6117737003058104
{'max_depth': 6, 'max_features': 'sqrt', 'min_samples_leaf': 20, 'min_samples_split': 5, 'n_estimators': 1000}0.6154774040095141
{'max_depth': 6, 'max_features': 'sqrt', 'min_samples_leaf': 20, 'min_samples_split': 5, 'n_estimators': 1500}0.6080869860686374
{'max_depth': 6, 'max_features': 'sqrt', 'min_samples_leaf': 20, 'min_samples_split': 20, 'n_estimators': 20}0.6247536527353041
{'max_depth': 6, 'max_features': 'sqrt', 'min_samples_leaf': 20, 'min_samples_split': 20, 'n_estimators': 100}0.6116887529731567
{'max_depth': 6, 'max_features': 'sqrt', 'min_samples_leaf': 20, 'min_samples_split': 20, 'n_estimators': 500}0.6136935100237852
{'max_depth': 6, 'max_features': 'sqrt', 'min_samples_leaf': 20, 'min_samples_split': 20, 'n_estimators': 1000}0.6173462453278967
{'max_depth': 6, 'max_features': 'sqrt', 'min_samples_leaf': 20, 'min_samples_split': 20, 'n_estimators': 1500}0.6043493034318722
{'max_depth': 6, 'max_features': 'sqrt', 'min_samples_leaf': 20, 'min_samples_split': 50, 'n_estimators': 20}0.6265715256540945
{'max_depth': 6, 'max_features': 'sqrt', 'min_samples_leaf': 20, 'min_samples_split': 50, 'n_estimators': 100}0.6025993883792049
{'max_depth': 6, 'max_features': 'sqrt', 'min_samples_leaf': 20, 'min_samples_split': 50, 'n_estimators': 500}0.6081039755351682
{'max_depth': 6, 'max_features': 'sqrt', 'min_samples_leaf': 20, 'min_samples_split': 50, 'n_estimators': 1000}0.6062521236833165
{'max_depth': 6, 'max_features': 'sqrt', 'min_samples_leaf': 20, 'min_samples_split': 50, 'n_estimators': 1500}0.6081039755351683
{'max_depth': 6, 'max_features': 'sqrt', 'min_samples_leaf': 50, 'min_samples_split': 2, 'n_estimators': 20}0.6339449541284404
{'max_depth': 6, 'max_features': 'sqrt', 'min_samples_leaf': 50, 'min_samples_split': 2, 'n_estimators': 100}0.6174651715936119
{'max_depth': 6, 'max_features': 'sqrt', 'min_samples_leaf': 50, 'min_samples_split': 2, 'n_estimators': 500}0.6339449541284403
{'max_depth': 6, 'max_features': 'sqrt', 'min_samples_leaf': 50, 'min_samples_split': 2, 'n_estimators': 1000}0.6284233775059462
{'max_depth': 6, 'max_features': 'sqrt', 'min_samples_leaf': 50, 'min_samples_split': 2, 'n_estimators': 1500}0.6339789330615019
{'max_depth': 6, 'max_features': 'sqrt', 'min_samples_leaf': 50, 'min_samples_split': 5, 'n_estimators': 20}0.6172952769283044
{'max_depth': 6, 'max_features': 'sqrt', 'min_samples_leaf': 50, 'min_samples_split': 5, 'n_estimators': 100}0.6283724091063541
{'max_depth': 6, 'max_features': 'sqrt', 'min_samples_leaf': 50, 'min_samples_split': 5, 'n_estimators': 500}0.6321440706761808
{'max_depth': 6, 'max_features': 'sqrt', 'min_samples_leaf': 50, 'min_samples_split': 5, 'n_estimators': 1000}0.6321440706761807
{'max_depth': 6, 'max_features': 'sqrt', 'min_samples_leaf': 50, 'min_samples_split': 5, 'n_estimators': 1500}0.6450390757730208
{'max_depth': 6, 'max_features': 'sqrt', 'min_samples_leaf': 50, 'min_samples_split': 20, 'n_estimators': 20}0.5878695208970439
{'max_depth': 6, 'max_features': 'sqrt', 'min_samples_leaf': 50, 'min_samples_split': 20, 'n_estimators': 100}0.6375976894325519
{'max_depth': 6, 'max_features': 'sqrt', 'min_samples_leaf': 50, 'min_samples_split': 20, 'n_estimators': 500}0.630292218824329
{'max_depth': 6, 'max_features': 'sqrt', 'min_samples_leaf': 50, 'min_samples_split': 20, 'n_estimators': 1000}0.6339449541284403
{'max_depth': 6, 'max_features': 'sqrt', 'min_samples_leaf': 50, 'min_samples_split': 20, 'n_estimators': 1500}0.6247196738022426
{'max_depth': 6, 'max_features': 'sqrt', 'min_samples_leaf': 50, 'min_samples_split': 50, 'n_estimators': 20}0.5932042133876996
{'max_depth': 6, 'max_features': 'sqrt', 'min_samples_leaf': 50, 'min_samples_split': 50, 'n_estimators': 100}0.6266224940536869
{'max_depth': 6, 'max_features': 'sqrt', 'min_samples_leaf': 50, 'min_samples_split': 50, 'n_estimators': 500}0.6284233775059463
{'max_depth': 6, 'max_features': 'sqrt', 'min_samples_leaf': 50, 'min_samples_split': 50, 'n_estimators': 1000}0.6228848114169215
{'max_depth': 6, 'max_features': 'sqrt', 'min_samples_leaf': 50, 'min_samples_split': 50, 'n_estimators': 1500}0.6358307849133537
{'max_depth': 6, 'max_features': 'log2', 'min_samples_leaf': 1, 'min_samples_split': 2, 'n_estimators': 20}0.6506286102616378
{'max_depth': 6, 'max_features': 'log2', 'min_samples_leaf': 1, 'min_samples_split': 2, 'n_estimators': 100}0.6541624193000339
{'max_depth': 6, 'max_features': 'log2', 'min_samples_leaf': 1, 'min_samples_split': 2, 'n_estimators': 500}0.6450390757730208
{'max_depth': 6, 'max_features': 'log2', 'min_samples_leaf': 1, 'min_samples_split': 2, 'n_estimators': 1000}0.6376486578321441
{'max_depth': 6, 'max_features': 'log2', 'min_samples_leaf': 1, 'min_samples_split': 2, 'n_estimators': 1500}0.6339449541284403
{'max_depth': 6, 'max_features': 'log2', 'min_samples_leaf': 1, 'min_samples_split': 5, 'n_estimators': 20}0.62285083248386
{'max_depth': 6, 'max_features': 'log2', 'min_samples_leaf': 1, 'min_samples_split': 5, 'n_estimators': 100}0.64502208630649
{'max_depth': 6, 'max_features': 'log2', 'min_samples_leaf': 1, 'min_samples_split': 5, 'n_estimators': 500}0.6320931022765885
{'max_depth': 6, 'max_features': 'log2', 'min_samples_leaf': 1, 'min_samples_split': 5, 'n_estimators': 1000}0.6468739381583418
{'max_depth': 6, 'max_features': 'log2', 'min_samples_leaf': 1, 'min_samples_split': 5, 'n_estimators': 1500}0.6376656472986747
{'max_depth': 6, 'max_features': 'log2', 'min_samples_leaf': 1, 'min_samples_split': 20, 'n_estimators': 20}0.5969418960244648
{'max_depth': 6, 'max_features': 'log2', 'min_samples_leaf': 1, 'min_samples_split': 20, 'n_estimators': 100}0.6375976894325518
{'max_depth': 6, 'max_features': 'log2', 'min_samples_leaf': 1, 'min_samples_split': 20, 'n_estimators': 500}0.6284233775059462
{'max_depth': 6, 'max_features': 'log2', 'min_samples_leaf': 1, 'min_samples_split': 20, 'n_estimators': 1000}0.6413183826027862
{'max_depth': 6, 'max_features': 'log2', 'min_samples_leaf': 1, 'min_samples_split': 20, 'n_estimators': 1500}0.6469079170914033
{'max_depth': 6, 'max_features': 'log2', 'min_samples_leaf': 1, 'min_samples_split': 50, 'n_estimators': 20}0.6690621814475024
{'max_depth': 6, 'max_features': 'log2', 'min_samples_leaf': 1, 'min_samples_split': 50, 'n_estimators': 100}0.6469249065579341
{'max_depth': 6, 'max_features': 'log2', 'min_samples_leaf': 1, 'min_samples_split': 50, 'n_estimators': 500}0.6431702344546382
{'max_depth': 6, 'max_features': 'log2', 'min_samples_leaf': 1, 'min_samples_split': 50, 'n_estimators': 1000}0.6468399592252803
{'max_depth': 6, 'max_features': 'log2', 'min_samples_leaf': 1, 'min_samples_split': 50, 'n_estimators': 1500}0.6431872239211689
{'max_depth': 6, 'max_features': 'log2', 'min_samples_leaf': 5, 'min_samples_split': 2, 'n_estimators': 20}0.6616717635066258
{'max_depth': 6, 'max_features': 'log2', 'min_samples_leaf': 5, 'min_samples_split': 2, 'n_estimators': 100}0.6284063880394155
{'max_depth': 6, 'max_features': 'log2', 'min_samples_leaf': 5, 'min_samples_split': 2, 'n_estimators': 500}0.6302242609582059
{'max_depth': 6, 'max_features': 'log2', 'min_samples_leaf': 5, 'min_samples_split': 2, 'n_estimators': 1000}0.6376146788990826
{'max_depth': 6, 'max_features': 'log2', 'min_samples_leaf': 5, 'min_samples_split': 2, 'n_estimators': 1500}0.6413183826027863
{'max_depth': 6, 'max_features': 'log2', 'min_samples_leaf': 5, 'min_samples_split': 5, 'n_estimators': 20}0.6063370710159701
{'max_depth': 6, 'max_features': 'log2', 'min_samples_leaf': 5, 'min_samples_split': 5, 'n_estimators': 100}0.6080530071355759
{'max_depth': 6, 'max_features': 'log2', 'min_samples_leaf': 5, 'min_samples_split': 5, 'n_estimators': 500}0.6227828746177371
{'max_depth': 6, 'max_features': 'log2', 'min_samples_leaf': 5, 'min_samples_split': 5, 'n_estimators': 1000}0.6283724091063541
{'max_depth': 6, 'max_features': 'log2', 'min_samples_leaf': 5, 'min_samples_split': 5, 'n_estimators': 1500}0.62285083248386
{'max_depth': 6, 'max_features': 'log2', 'min_samples_leaf': 5, 'min_samples_split': 20, 'n_estimators': 20}0.6634216785592932
{'max_depth': 6, 'max_features': 'log2', 'min_samples_leaf': 5, 'min_samples_split': 20, 'n_estimators': 100}0.6265885151206253
{'max_depth': 6, 'max_features': 'log2', 'min_samples_leaf': 5, 'min_samples_split': 20, 'n_estimators': 500}0.6339279646619096
{'max_depth': 6, 'max_features': 'log2', 'min_samples_leaf': 5, 'min_samples_split': 20, 'n_estimators': 1000}0.6357628270472306
{'max_depth': 6, 'max_features': 'log2', 'min_samples_leaf': 5, 'min_samples_split': 20, 'n_estimators': 1500}0.6376316683656134
{'max_depth': 6, 'max_features': 'log2', 'min_samples_leaf': 5, 'min_samples_split': 50, 'n_estimators': 20}0.6005096839959225
{'max_depth': 6, 'max_features': 'log2', 'min_samples_leaf': 5, 'min_samples_split': 50, 'n_estimators': 100}0.6338600067957867
{'max_depth': 6, 'max_features': 'log2', 'min_samples_leaf': 5, 'min_samples_split': 50, 'n_estimators': 500}0.6265205572545023
{'max_depth': 6, 'max_features': 'log2', 'min_samples_leaf': 5, 'min_samples_split': 50, 'n_estimators': 1000}0.6191301393136255
{'max_depth': 6, 'max_features': 'log2', 'min_samples_leaf': 5, 'min_samples_split': 50, 'n_estimators': 1500}0.6283893985728849
{'max_depth': 6, 'max_features': 'log2', 'min_samples_leaf': 20, 'min_samples_split': 2, 'n_estimators': 20}0.5489126741420319
{'max_depth': 6, 'max_features': 'log2', 'min_samples_leaf': 20, 'min_samples_split': 2, 'n_estimators': 100}0.6026333673122665
{'max_depth': 6, 'max_features': 'log2', 'min_samples_leaf': 20, 'min_samples_split': 2, 'n_estimators': 500}0.6062521236833164
{'max_depth': 6, 'max_features': 'log2', 'min_samples_leaf': 20, 'min_samples_split': 2, 'n_estimators': 1000}0.6247026843357119
{'max_depth': 6, 'max_features': 'log2', 'min_samples_leaf': 20, 'min_samples_split': 2, 'n_estimators': 1500}0.6265545361875638
{'max_depth': 6, 'max_features': 'log2', 'min_samples_leaf': 20, 'min_samples_split': 5, 'n_estimators': 20}0.5915052667346246
{'max_depth': 6, 'max_features': 'log2', 'min_samples_leaf': 20, 'min_samples_split': 5, 'n_estimators': 100}0.6245497791369352
{'max_depth': 6, 'max_features': 'log2', 'min_samples_leaf': 20, 'min_samples_split': 5, 'n_estimators': 500}0.5914033299354401
{'max_depth': 6, 'max_features': 'log2', 'min_samples_leaf': 20, 'min_samples_split': 5, 'n_estimators': 1000}0.6229187903499829
{'max_depth': 6, 'max_features': 'log2', 'min_samples_leaf': 20, 'min_samples_split': 5, 'n_estimators': 1500}0.6228338430173292
{'max_depth': 6, 'max_features': 'log2', 'min_samples_leaf': 20, 'min_samples_split': 20, 'n_estimators': 20}0.6153075093442066
{'max_depth': 6, 'max_features': 'log2', 'min_samples_leaf': 20, 'min_samples_split': 20, 'n_estimators': 100}0.6542473666326878
{'max_depth': 6, 'max_features': 'log2', 'min_samples_leaf': 20, 'min_samples_split': 20, 'n_estimators': 500}0.6209989806320081
{'max_depth': 6, 'max_features': 'log2', 'min_samples_leaf': 20, 'min_samples_split': 20, 'n_estimators': 1000}0.6061841658171934
{'max_depth': 6, 'max_features': 'log2', 'min_samples_leaf': 20, 'min_samples_split': 20, 'n_estimators': 1500}0.6136085626911314
{'max_depth': 6, 'max_features': 'log2', 'min_samples_leaf': 20, 'min_samples_split': 50, 'n_estimators': 20}0.633961943594971
{'max_depth': 6, 'max_features': 'log2', 'min_samples_leaf': 20, 'min_samples_split': 50, 'n_estimators': 100}0.6100577641862046
{'max_depth': 6, 'max_features': 'log2', 'min_samples_leaf': 20, 'min_samples_split': 50, 'n_estimators': 500}0.6118246687054026
{'max_depth': 6, 'max_features': 'log2', 'min_samples_leaf': 20, 'min_samples_split': 50, 'n_estimators': 1000}0.6025484199796126
{'max_depth': 6, 'max_features': 'log2', 'min_samples_leaf': 20, 'min_samples_split': 50, 'n_estimators': 1500}0.598844716275909
{'max_depth': 6, 'max_features': 'log2', 'min_samples_leaf': 50, 'min_samples_split': 2, 'n_estimators': 20}0.5398063200815494
{'max_depth': 6, 'max_features': 'log2', 'min_samples_leaf': 50, 'min_samples_split': 2, 'n_estimators': 100}0.6782874617737003
{'max_depth': 6, 'max_features': 'log2', 'min_samples_leaf': 50, 'min_samples_split': 2, 'n_estimators': 500}0.6117737003058105
{'max_depth': 6, 'max_features': 'log2', 'min_samples_leaf': 50, 'min_samples_split': 2, 'n_estimators': 1000}0.6524634726469589
{'max_depth': 6, 'max_features': 'log2', 'min_samples_leaf': 50, 'min_samples_split': 2, 'n_estimators': 1500}0.6191301393136255
{'max_depth': 6, 'max_features': 'log2', 'min_samples_leaf': 50, 'min_samples_split': 5, 'n_estimators': 20}0.5506965681277608
{'max_depth': 6, 'max_features': 'log2', 'min_samples_leaf': 50, 'min_samples_split': 5, 'n_estimators': 100}0.5971457696228338
{'max_depth': 6, 'max_features': 'log2', 'min_samples_leaf': 50, 'min_samples_split': 5, 'n_estimators': 500}0.658053007135576
{'max_depth': 6, 'max_features': 'log2', 'min_samples_leaf': 50, 'min_samples_split': 5, 'n_estimators': 1000}0.6432551817872919
{'max_depth': 6, 'max_features': 'log2', 'min_samples_leaf': 50, 'min_samples_split': 5, 'n_estimators': 1500}0.6284743459055385
{'max_depth': 6, 'max_features': 'log2', 'min_samples_leaf': 50, 'min_samples_split': 20, 'n_estimators': 20}0.6024294937138974
{'max_depth': 6, 'max_features': 'log2', 'min_samples_leaf': 50, 'min_samples_split': 20, 'n_estimators': 100}0.6357288481141692
{'max_depth': 6, 'max_features': 'log2', 'min_samples_leaf': 50, 'min_samples_split': 20, 'n_estimators': 500}0.6432551817872919
{'max_depth': 6, 'max_features': 'log2', 'min_samples_leaf': 50, 'min_samples_split': 20, 'n_estimators': 1000}0.6543493034318721
{'max_depth': 6, 'max_features': 'log2', 'min_samples_leaf': 50, 'min_samples_split': 20, 'n_estimators': 1500}0.6210329595650697
{'max_depth': 6, 'max_features': 'log2', 'min_samples_leaf': 50, 'min_samples_split': 50, 'n_estimators': 20}0.519435949711179
{'max_depth': 6, 'max_features': 'log2', 'min_samples_leaf': 50, 'min_samples_split': 50, 'n_estimators': 100}0.6301393136255522
{'max_depth': 6, 'max_features': 'log2', 'min_samples_leaf': 50, 'min_samples_split': 50, 'n_estimators': 500}0.6285762827047231
{'max_depth': 6, 'max_features': 'log2', 'min_samples_leaf': 50, 'min_samples_split': 50, 'n_estimators': 1000}0.6193170234454638
{'max_depth': 6, 'max_features': 'log2', 'min_samples_leaf': 50, 'min_samples_split': 50, 'n_estimators': 1500}0.6284743459055386
{'max_depth': 6, 'max_features': None, 'min_samples_leaf': 1, 'min_samples_split': 2, 'n_estimators': 20}0.6245497791369351
{'max_depth': 6, 'max_features': None, 'min_samples_leaf': 1, 'min_samples_split': 2, 'n_estimators': 100}0.6283214407067618
{'max_depth': 6, 'max_features': None, 'min_samples_leaf': 1, 'min_samples_split': 2, 'n_estimators': 500}0.632059123343527
{'max_depth': 6, 'max_features': None, 'min_samples_leaf': 1, 'min_samples_split': 2, 'n_estimators': 1000}0.6209650016989466
{'max_depth': 6, 'max_features': None, 'min_samples_leaf': 1, 'min_samples_split': 2, 'n_estimators': 1500}0.6191131498470948
{'max_depth': 6, 'max_features': None, 'min_samples_leaf': 1, 'min_samples_split': 5, 'n_estimators': 20}0.6226979272850832
{'max_depth': 6, 'max_features': None, 'min_samples_leaf': 1, 'min_samples_split': 5, 'n_estimators': 100}0.6320421338769963
{'max_depth': 6, 'max_features': None, 'min_samples_leaf': 1, 'min_samples_split': 5, 'n_estimators': 500}0.6209650016989466
{'max_depth': 6, 'max_features': None, 'min_samples_leaf': 1, 'min_samples_split': 5, 'n_estimators': 1000}0.619096160380564
{'max_depth': 6, 'max_features': None, 'min_samples_leaf': 1, 'min_samples_split': 5, 'n_estimators': 1500}0.6228168535507985
{'max_depth': 6, 'max_features': None, 'min_samples_leaf': 1, 'min_samples_split': 20, 'n_estimators': 20}0.6191301393136255
{'max_depth': 6, 'max_features': None, 'min_samples_leaf': 1, 'min_samples_split': 20, 'n_estimators': 100}0.619096160380564
{'max_depth': 6, 'max_features': None, 'min_samples_leaf': 1, 'min_samples_split': 20, 'n_estimators': 500}0.6190791709140333
{'max_depth': 6, 'max_features': None, 'min_samples_leaf': 1, 'min_samples_split': 20, 'n_estimators': 1000}0.6246347264695888
{'max_depth': 6, 'max_features': None, 'min_samples_leaf': 1, 'min_samples_split': 20, 'n_estimators': 1500}0.6283554196398233
{'max_depth': 6, 'max_features': None, 'min_samples_leaf': 1, 'min_samples_split': 50, 'n_estimators': 20}0.6117397213727489
{'max_depth': 6, 'max_features': None, 'min_samples_leaf': 1, 'min_samples_split': 50, 'n_estimators': 100}0.6246177370030581
{'max_depth': 6, 'max_features': None, 'min_samples_leaf': 1, 'min_samples_split': 50, 'n_estimators': 500}0.6227828746177371
{'max_depth': 6, 'max_features': None, 'min_samples_leaf': 1, 'min_samples_split': 50, 'n_estimators': 1000}0.619096160380564
{'max_depth': 6, 'max_features': None, 'min_samples_leaf': 1, 'min_samples_split': 50, 'n_estimators': 1500}0.6209650016989465
{'max_depth': 6, 'max_features': None, 'min_samples_leaf': 5, 'min_samples_split': 2, 'n_estimators': 20}0.6338939857288481
{'max_depth': 6, 'max_features': None, 'min_samples_leaf': 5, 'min_samples_split': 2, 'n_estimators': 100}0.6135236153584777
{'max_depth': 6, 'max_features': None, 'min_samples_leaf': 5, 'min_samples_split': 2, 'n_estimators': 500}0.6301393136255522
{'max_depth': 6, 'max_features': None, 'min_samples_leaf': 5, 'min_samples_split': 2, 'n_estimators': 1000}0.6282874617737002
{'max_depth': 6, 'max_features': None, 'min_samples_leaf': 5, 'min_samples_split': 2, 'n_estimators': 1500}0.6282874617737002
{'max_depth': 6, 'max_features': None, 'min_samples_leaf': 5, 'min_samples_split': 5, 'n_estimators': 20}0.6227488956846755
{'max_depth': 6, 'max_features': None, 'min_samples_leaf': 5, 'min_samples_split': 5, 'n_estimators': 100}0.6264356099218484
{'max_depth': 6, 'max_features': None, 'min_samples_leaf': 5, 'min_samples_split': 5, 'n_estimators': 500}0.6356948691811077
{'max_depth': 6, 'max_features': None, 'min_samples_leaf': 5, 'min_samples_split': 5, 'n_estimators': 1000}0.630156303092083
{'max_depth': 6, 'max_features': None, 'min_samples_leaf': 5, 'min_samples_split': 5, 'n_estimators': 1500}0.6319911654774041
{'max_depth': 6, 'max_features': None, 'min_samples_leaf': 5, 'min_samples_split': 20, 'n_estimators': 20}0.6097859327217126
{'max_depth': 6, 'max_features': None, 'min_samples_leaf': 5, 'min_samples_split': 20, 'n_estimators': 100}0.626401630988787
{'max_depth': 6, 'max_features': None, 'min_samples_leaf': 5, 'min_samples_split': 20, 'n_estimators': 500}0.6282874617737003
{'max_depth': 6, 'max_features': None, 'min_samples_leaf': 5, 'min_samples_split': 20, 'n_estimators': 1000}0.6356778797145769
{'max_depth': 6, 'max_features': None, 'min_samples_leaf': 5, 'min_samples_split': 20, 'n_estimators': 1500}0.6301393136255522
{'max_depth': 6, 'max_features': None, 'min_samples_leaf': 5, 'min_samples_split': 50, 'n_estimators': 20}0.6246517159361196
{'max_depth': 6, 'max_features': None, 'min_samples_leaf': 5, 'min_samples_split': 50, 'n_estimators': 100}0.6245667686034658
{'max_depth': 6, 'max_features': None, 'min_samples_leaf': 5, 'min_samples_split': 50, 'n_estimators': 500}0.6264356099218483
{'max_depth': 6, 'max_features': None, 'min_samples_leaf': 5, 'min_samples_split': 50, 'n_estimators': 1000}0.6301563030920829
{'max_depth': 6, 'max_features': None, 'min_samples_leaf': 5, 'min_samples_split': 50, 'n_estimators': 1500}0.631991165477404
{'max_depth': 6, 'max_features': None, 'min_samples_leaf': 20, 'min_samples_split': 2, 'n_estimators': 20}0.6339279646619096
{'max_depth': 6, 'max_features': None, 'min_samples_leaf': 20, 'min_samples_split': 2, 'n_estimators': 100}0.6209480122324159
{'max_depth': 6, 'max_features': None, 'min_samples_leaf': 20, 'min_samples_split': 2, 'n_estimators': 500}0.6264865783214407
{'max_depth': 6, 'max_features': None, 'min_samples_leaf': 20, 'min_samples_split': 2, 'n_estimators': 1000}0.6228168535507985
{'max_depth': 6, 'max_features': None, 'min_samples_leaf': 20, 'min_samples_split': 2, 'n_estimators': 1500}0.6265205572545022
{'max_depth': 6, 'max_features': None, 'min_samples_leaf': 20, 'min_samples_split': 5, 'n_estimators': 20}0.6265035677879714
{'max_depth': 6, 'max_features': None, 'min_samples_leaf': 20, 'min_samples_split': 5, 'n_estimators': 100}0.6265035677879714
{'max_depth': 6, 'max_features': None, 'min_samples_leaf': 20, 'min_samples_split': 5, 'n_estimators': 500}0.6264865783214407
{'max_depth': 6, 'max_features': None, 'min_samples_leaf': 20, 'min_samples_split': 5, 'n_estimators': 1000}0.6338939857288481
{'max_depth': 6, 'max_features': None, 'min_samples_leaf': 20, 'min_samples_split': 5, 'n_estimators': 1500}0.6301902820251444
{'max_depth': 6, 'max_features': None, 'min_samples_leaf': 20, 'min_samples_split': 20, 'n_estimators': 20}0.6209819911654774
{'max_depth': 6, 'max_features': None, 'min_samples_leaf': 20, 'min_samples_split': 20, 'n_estimators': 100}0.6228168535507985
{'max_depth': 6, 'max_features': None, 'min_samples_leaf': 20, 'min_samples_split': 20, 'n_estimators': 500}0.6283554196398233
{'max_depth': 6, 'max_features': None, 'min_samples_leaf': 20, 'min_samples_split': 20, 'n_estimators': 1000}0.6283554196398233
{'max_depth': 6, 'max_features': None, 'min_samples_leaf': 20, 'min_samples_split': 20, 'n_estimators': 1500}0.6246517159361196
{'max_depth': 6, 'max_features': None, 'min_samples_leaf': 20, 'min_samples_split': 50, 'n_estimators': 20}0.6247196738022426
{'max_depth': 6, 'max_features': None, 'min_samples_leaf': 20, 'min_samples_split': 50, 'n_estimators': 100}0.6302072714916751
{'max_depth': 6, 'max_features': None, 'min_samples_leaf': 20, 'min_samples_split': 50, 'n_estimators': 500}0.6302072714916751
{'max_depth': 6, 'max_features': None, 'min_samples_leaf': 20, 'min_samples_split': 50, 'n_estimators': 1000}0.6246517159361196
{'max_depth': 6, 'max_features': None, 'min_samples_leaf': 20, 'min_samples_split': 50, 'n_estimators': 1500}0.6228168535507985
{'max_depth': 6, 'max_features': None, 'min_samples_leaf': 50, 'min_samples_split': 2, 'n_estimators': 20}0.6136255521576623
{'max_depth': 6, 'max_features': None, 'min_samples_leaf': 50, 'min_samples_split': 2, 'n_estimators': 100}0.586017669045192
{'max_depth': 6, 'max_features': None, 'min_samples_leaf': 50, 'min_samples_split': 2, 'n_estimators': 500}0.5952429493713898
{'max_depth': 6, 'max_features': None, 'min_samples_leaf': 50, 'min_samples_split': 2, 'n_estimators': 1000}0.593374108053007
{'max_depth': 6, 'max_features': None, 'min_samples_leaf': 50, 'min_samples_split': 2, 'n_estimators': 1500}0.5970778117567108
{'max_depth': 6, 'max_features': None, 'min_samples_leaf': 50, 'min_samples_split': 5, 'n_estimators': 20}0.6118756371049949
{'max_depth': 6, 'max_features': None, 'min_samples_leaf': 50, 'min_samples_split': 5, 'n_estimators': 100}0.5915902140672783
{'max_depth': 6, 'max_features': None, 'min_samples_leaf': 50, 'min_samples_split': 5, 'n_estimators': 500}0.5952429493713898
{'max_depth': 6, 'max_features': None, 'min_samples_leaf': 50, 'min_samples_split': 5, 'n_estimators': 1000}0.5952429493713898
{'max_depth': 6, 'max_features': None, 'min_samples_leaf': 50, 'min_samples_split': 5, 'n_estimators': 1500}0.5970778117567108
{'max_depth': 6, 'max_features': None, 'min_samples_leaf': 50, 'min_samples_split': 20, 'n_estimators': 20}0.5934420659191301
{'max_depth': 6, 'max_features': None, 'min_samples_leaf': 50, 'min_samples_split': 20, 'n_estimators': 100}0.5934080869860686
{'max_depth': 6, 'max_features': None, 'min_samples_leaf': 50, 'min_samples_split': 20, 'n_estimators': 500}0.5952089704383282
{'max_depth': 6, 'max_features': None, 'min_samples_leaf': 50, 'min_samples_split': 20, 'n_estimators': 1000}0.595225959904859
{'max_depth': 6, 'max_features': None, 'min_samples_leaf': 50, 'min_samples_split': 20, 'n_estimators': 1500}0.5952089704383281
{'max_depth': 6, 'max_features': None, 'min_samples_leaf': 50, 'min_samples_split': 50, 'n_estimators': 20}0.608256880733945
{'max_depth': 6, 'max_features': None, 'min_samples_leaf': 50, 'min_samples_split': 50, 'n_estimators': 100}0.595225959904859
{'max_depth': 6, 'max_features': None, 'min_samples_leaf': 50, 'min_samples_split': 50, 'n_estimators': 500}0.595225959904859
{'max_depth': 6, 'max_features': None, 'min_samples_leaf': 50, 'min_samples_split': 50, 'n_estimators': 1000}0.598912674142032
{'max_depth': 6, 'max_features': None, 'min_samples_leaf': 50, 'min_samples_split': 50, 'n_estimators': 1500}0.5896873938158341
{'max_depth': 12, 'max_features': 'sqrt', 'min_samples_leaf': 1, 'min_samples_split': 2, 'n_estimators': 20}0.6413183826027863
{'max_depth': 12, 'max_features': 'sqrt', 'min_samples_leaf': 1, 'min_samples_split': 2, 'n_estimators': 100}0.6191471287801564
{'max_depth': 12, 'max_features': 'sqrt', 'min_samples_leaf': 1, 'min_samples_split': 2, 'n_estimators': 500}0.6321100917431193
{'max_depth': 12, 'max_features': 'sqrt', 'min_samples_leaf': 1, 'min_samples_split': 2, 'n_estimators': 1000}0.6357798165137615
{'max_depth': 12, 'max_features': 'sqrt', 'min_samples_leaf': 1, 'min_samples_split': 2, 'n_estimators': 1500}0.6247026843357117
{'max_depth': 12, 'max_features': 'sqrt', 'min_samples_leaf': 1, 'min_samples_split': 5, 'n_estimators': 20}0.6265035677879716
{'max_depth': 12, 'max_features': 'sqrt', 'min_samples_leaf': 1, 'min_samples_split': 5, 'n_estimators': 100}0.6191131498470949
{'max_depth': 12, 'max_features': 'sqrt', 'min_samples_leaf': 1, 'min_samples_split': 5, 'n_estimators': 500}0.6320931022765885
{'max_depth': 12, 'max_features': 'sqrt', 'min_samples_leaf': 1, 'min_samples_split': 5, 'n_estimators': 1000}0.6265885151206252
{'max_depth': 12, 'max_features': 'sqrt', 'min_samples_leaf': 1, 'min_samples_split': 5, 'n_estimators': 1500}0.6247196738022426
{'max_depth': 12, 'max_features': 'sqrt', 'min_samples_leaf': 1, 'min_samples_split': 20, 'n_estimators': 20}0.6246856948691811
{'max_depth': 12, 'max_features': 'sqrt', 'min_samples_leaf': 1, 'min_samples_split': 20, 'n_estimators': 100}0.6265885151206253
{'max_depth': 12, 'max_features': 'sqrt', 'min_samples_leaf': 1, 'min_samples_split': 20, 'n_estimators': 500}0.6413523615358477
{'max_depth': 12, 'max_features': 'sqrt', 'min_samples_leaf': 1, 'min_samples_split': 20, 'n_estimators': 1000}0.6228678219503907
{'max_depth': 12, 'max_features': 'sqrt', 'min_samples_leaf': 1, 'min_samples_split': 20, 'n_estimators': 1500}0.6395344886170574
{'max_depth': 12, 'max_features': 'sqrt', 'min_samples_leaf': 1, 'min_samples_split': 50, 'n_estimators': 20}0.5896534148827727
{'max_depth': 12, 'max_features': 'sqrt', 'min_samples_leaf': 1, 'min_samples_split': 50, 'n_estimators': 100}0.62646958885491
{'max_depth': 12, 'max_features': 'sqrt', 'min_samples_leaf': 1, 'min_samples_split': 50, 'n_estimators': 500}0.6284063880394155
{'max_depth': 12, 'max_features': 'sqrt', 'min_samples_leaf': 1, 'min_samples_split': 50, 'n_estimators': 1000}0.6302752293577981
{'max_depth': 12, 'max_features': 'sqrt', 'min_samples_leaf': 1, 'min_samples_split': 50, 'n_estimators': 1500}0.6302752293577981
{'max_depth': 12, 'max_features': 'sqrt', 'min_samples_leaf': 5, 'min_samples_split': 2, 'n_estimators': 20}0.6246856948691811
{'max_depth': 12, 'max_features': 'sqrt', 'min_samples_leaf': 5, 'min_samples_split': 2, 'n_estimators': 100}0.6192150866462793
{'max_depth': 12, 'max_features': 'sqrt', 'min_samples_leaf': 5, 'min_samples_split': 2, 'n_estimators': 500}0.6191131498470948
{'max_depth': 12, 'max_features': 'sqrt', 'min_samples_leaf': 5, 'min_samples_split': 2, 'n_estimators': 1000}0.6265545361875637
{'max_depth': 12, 'max_features': 'sqrt', 'min_samples_leaf': 5, 'min_samples_split': 2, 'n_estimators': 1500}0.6246687054026503
{'max_depth': 12, 'max_features': 'sqrt', 'min_samples_leaf': 5, 'min_samples_split': 5, 'n_estimators': 20}0.6246347264695888
{'max_depth': 12, 'max_features': 'sqrt', 'min_samples_leaf': 5, 'min_samples_split': 5, 'n_estimators': 100}0.6394665307509344
{'max_depth': 12, 'max_features': 'sqrt', 'min_samples_leaf': 5, 'min_samples_split': 5, 'n_estimators': 500}0.6246687054026504
{'max_depth': 12, 'max_features': 'sqrt', 'min_samples_leaf': 5, 'min_samples_split': 5, 'n_estimators': 1000}0.6265035677879714
{'max_depth': 12, 'max_features': 'sqrt', 'min_samples_leaf': 5, 'min_samples_split': 5, 'n_estimators': 1500}0.6265205572545023
{'max_depth': 12, 'max_features': 'sqrt', 'min_samples_leaf': 5, 'min_samples_split': 20, 'n_estimators': 20}0.6302242609582059
{'max_depth': 12, 'max_features': 'sqrt', 'min_samples_leaf': 5, 'min_samples_split': 20, 'n_estimators': 100}0.6191131498470949
{'max_depth': 12, 'max_features': 'sqrt', 'min_samples_leaf': 5, 'min_samples_split': 20, 'n_estimators': 500}0.6302242609582059
{'max_depth': 12, 'max_features': 'sqrt', 'min_samples_leaf': 5, 'min_samples_split': 20, 'n_estimators': 1000}0.626537546721033
{'max_depth': 12, 'max_features': 'sqrt', 'min_samples_leaf': 5, 'min_samples_split': 20, 'n_estimators': 1500}0.6228338430173292
{'max_depth': 12, 'max_features': 'sqrt', 'min_samples_leaf': 5, 'min_samples_split': 50, 'n_estimators': 20}0.6357628270472306
{'max_depth': 12, 'max_features': 'sqrt', 'min_samples_leaf': 5, 'min_samples_split': 50, 'n_estimators': 100}0.6264865783214407
{'max_depth': 12, 'max_features': 'sqrt', 'min_samples_leaf': 5, 'min_samples_split': 50, 'n_estimators': 500}0.6190961603805641
{'max_depth': 12, 'max_features': 'sqrt', 'min_samples_leaf': 5, 'min_samples_split': 50, 'n_estimators': 1000}0.6265205572545022
{'max_depth': 12, 'max_features': 'sqrt', 'min_samples_leaf': 5, 'min_samples_split': 50, 'n_estimators': 1500}0.6246517159361197
{'max_depth': 12, 'max_features': 'sqrt', 'min_samples_leaf': 20, 'min_samples_split': 2, 'n_estimators': 20}0.6469249065579341
{'max_depth': 12, 'max_features': 'sqrt', 'min_samples_leaf': 20, 'min_samples_split': 2, 'n_estimators': 100}0.6339789330615019
{'max_depth': 12, 'max_features': 'sqrt', 'min_samples_leaf': 20, 'min_samples_split': 2, 'n_estimators': 500}0.6118076792388719
{'max_depth': 12, 'max_features': 'sqrt', 'min_samples_leaf': 20, 'min_samples_split': 2, 'n_estimators': 1000}0.6117737003058104
{'max_depth': 12, 'max_features': 'sqrt', 'min_samples_leaf': 20, 'min_samples_split': 2, 'n_estimators': 1500}0.6154774040095141
{'max_depth': 12, 'max_features': 'sqrt', 'min_samples_leaf': 20, 'min_samples_split': 5, 'n_estimators': 20}0.6359327217125382
{'max_depth': 12, 'max_features': 'sqrt', 'min_samples_leaf': 20, 'min_samples_split': 5, 'n_estimators': 100}0.6210839279646618
{'max_depth': 12, 'max_features': 'sqrt', 'min_samples_leaf': 20, 'min_samples_split': 5, 'n_estimators': 500}0.6172782874617737
{'max_depth': 12, 'max_features': 'sqrt', 'min_samples_leaf': 20, 'min_samples_split': 5, 'n_estimators': 1000}0.6173292558613659
{'max_depth': 12, 'max_features': 'sqrt', 'min_samples_leaf': 20, 'min_samples_split': 5, 'n_estimators': 1500}0.6099218484539586
{'max_depth': 12, 'max_features': 'sqrt', 'min_samples_leaf': 20, 'min_samples_split': 20, 'n_estimators': 20}0.5877675840978595
{'max_depth': 12, 'max_features': 'sqrt', 'min_samples_leaf': 20, 'min_samples_split': 20, 'n_estimators': 100}0.6043832823649338
{'max_depth': 12, 'max_features': 'sqrt', 'min_samples_leaf': 20, 'min_samples_split': 20, 'n_estimators': 500}0.6080360176690452
{'max_depth': 12, 'max_features': 'sqrt', 'min_samples_leaf': 20, 'min_samples_split': 20, 'n_estimators': 1000}0.6062351342167857
{'max_depth': 12, 'max_features': 'sqrt', 'min_samples_leaf': 20, 'min_samples_split': 20, 'n_estimators': 1500}0.6099218484539585
{'max_depth': 12, 'max_features': 'sqrt', 'min_samples_leaf': 20, 'min_samples_split': 50, 'n_estimators': 20}0.622986748216106
{'max_depth': 12, 'max_features': 'sqrt', 'min_samples_leaf': 20, 'min_samples_split': 50, 'n_estimators': 100}0.6099218484539586
{'max_depth': 12, 'max_features': 'sqrt', 'min_samples_leaf': 20, 'min_samples_split': 50, 'n_estimators': 500}0.6062351342167857
{'max_depth': 12, 'max_features': 'sqrt', 'min_samples_leaf': 20, 'min_samples_split': 50, 'n_estimators': 1000}0.6117567108392796
{'max_depth': 12, 'max_features': 'sqrt', 'min_samples_leaf': 20, 'min_samples_split': 50, 'n_estimators': 1500}0.6117906897723412
{'max_depth': 12, 'max_features': 'sqrt', 'min_samples_leaf': 50, 'min_samples_split': 2, 'n_estimators': 20}0.5748555895344887
{'max_depth': 12, 'max_features': 'sqrt', 'min_samples_leaf': 50, 'min_samples_split': 2, 'n_estimators': 100}0.6358477743798845
{'max_depth': 12, 'max_features': 'sqrt', 'min_samples_leaf': 50, 'min_samples_split': 2, 'n_estimators': 500}0.6321610601427115
{'max_depth': 12, 'max_features': 'sqrt', 'min_samples_leaf': 50, 'min_samples_split': 2, 'n_estimators': 1000}0.6395174991505267
{'max_depth': 12, 'max_features': 'sqrt', 'min_samples_leaf': 50, 'min_samples_split': 2, 'n_estimators': 1500}0.624685694869181
{'max_depth': 12, 'max_features': 'sqrt', 'min_samples_leaf': 50, 'min_samples_split': 5, 'n_estimators': 20}0.583978933061502
{'max_depth': 12, 'max_features': 'sqrt', 'min_samples_leaf': 50, 'min_samples_split': 5, 'n_estimators': 100}0.6562181447502549
{'max_depth': 12, 'max_features': 'sqrt', 'min_samples_leaf': 50, 'min_samples_split': 5, 'n_estimators': 500}0.624702684335712
{'max_depth': 12, 'max_features': 'sqrt', 'min_samples_leaf': 50, 'min_samples_split': 5, 'n_estimators': 1000}0.6302582398912674
{'max_depth': 12, 'max_features': 'sqrt', 'min_samples_leaf': 50, 'min_samples_split': 5, 'n_estimators': 1500}0.6357968059802922
{'max_depth': 12, 'max_features': 'sqrt', 'min_samples_leaf': 50, 'min_samples_split': 20, 'n_estimators': 20}0.6358817533129459
{'max_depth': 12, 'max_features': 'sqrt', 'min_samples_leaf': 50, 'min_samples_split': 20, 'n_estimators': 100}0.6266734624532789
{'max_depth': 12, 'max_features': 'sqrt', 'min_samples_leaf': 50, 'min_samples_split': 20, 'n_estimators': 500}0.63212708120965
{'max_depth': 12, 'max_features': 'sqrt', 'min_samples_leaf': 50, 'min_samples_split': 20, 'n_estimators': 1000}0.6376996262317363
{'max_depth': 12, 'max_features': 'sqrt', 'min_samples_leaf': 50, 'min_samples_split': 20, 'n_estimators': 1500}0.6376656472986748
{'max_depth': 12, 'max_features': 'sqrt', 'min_samples_leaf': 50, 'min_samples_split': 50, 'n_estimators': 20}0.6135236153584778
{'max_depth': 12, 'max_features': 'sqrt', 'min_samples_leaf': 50, 'min_samples_split': 50, 'n_estimators': 100}0.650611620795107
{'max_depth': 12, 'max_features': 'sqrt', 'min_samples_leaf': 50, 'min_samples_split': 50, 'n_estimators': 500}0.6358307849133537
{'max_depth': 12, 'max_features': 'sqrt', 'min_samples_leaf': 50, 'min_samples_split': 50, 'n_estimators': 1000}0.6395344886170574
{'max_depth': 12, 'max_features': 'sqrt', 'min_samples_leaf': 50, 'min_samples_split': 50, 'n_estimators': 1500}0.6284233775059463
{'max_depth': 12, 'max_features': 'log2', 'min_samples_leaf': 1, 'min_samples_split': 2, 'n_estimators': 20}0.6505776418620456
{'max_depth': 12, 'max_features': 'log2', 'min_samples_leaf': 1, 'min_samples_split': 2, 'n_estimators': 100}0.6339449541284404
{'max_depth': 12, 'max_features': 'log2', 'min_samples_leaf': 1, 'min_samples_split': 2, 'n_estimators': 500}0.6487257900101937
{'max_depth': 12, 'max_features': 'log2', 'min_samples_leaf': 1, 'min_samples_split': 2, 'n_estimators': 1000}0.6358137954468229
{'max_depth': 12, 'max_features': 'log2', 'min_samples_leaf': 1, 'min_samples_split': 2, 'n_estimators': 1500}0.6450560652395514
{'max_depth': 12, 'max_features': 'log2', 'min_samples_leaf': 1, 'min_samples_split': 5, 'n_estimators': 20}0.6524634726469589
{'max_depth': 12, 'max_features': 'log2', 'min_samples_leaf': 1, 'min_samples_split': 5, 'n_estimators': 100}0.6413013931362556
{'max_depth': 12, 'max_features': 'log2', 'min_samples_leaf': 1, 'min_samples_split': 5, 'n_estimators': 500}0.641335372069317
{'max_depth': 12, 'max_features': 'log2', 'min_samples_leaf': 1, 'min_samples_split': 5, 'n_estimators': 1000}0.63212708120965
{'max_depth': 12, 'max_features': 'log2', 'min_samples_leaf': 1, 'min_samples_split': 5, 'n_estimators': 1500}0.6376316683656132
{'max_depth': 12, 'max_features': 'log2', 'min_samples_leaf': 1, 'min_samples_split': 20, 'n_estimators': 20}0.6099218484539586
{'max_depth': 12, 'max_features': 'log2', 'min_samples_leaf': 1, 'min_samples_split': 20, 'n_estimators': 100}0.6413523615358477
{'max_depth': 12, 'max_features': 'log2', 'min_samples_leaf': 1, 'min_samples_split': 20, 'n_estimators': 500}0.6376146788990826
{'max_depth': 12, 'max_features': 'log2', 'min_samples_leaf': 1, 'min_samples_split': 20, 'n_estimators': 1000}0.6487427794767244
{'max_depth': 12, 'max_features': 'log2', 'min_samples_leaf': 1, 'min_samples_split': 20, 'n_estimators': 1500}0.6376486578321441
{'max_depth': 12, 'max_features': 'log2', 'min_samples_leaf': 1, 'min_samples_split': 50, 'n_estimators': 20}0.6450390757730208
{'max_depth': 12, 'max_features': 'log2', 'min_samples_leaf': 1, 'min_samples_split': 50, 'n_estimators': 100}0.6542643560992185
{'max_depth': 12, 'max_features': 'log2', 'min_samples_leaf': 1, 'min_samples_split': 50, 'n_estimators': 500}0.6487427794767245
{'max_depth': 12, 'max_features': 'log2', 'min_samples_leaf': 1, 'min_samples_split': 50, 'n_estimators': 1000}0.6505606523955147
{'max_depth': 12, 'max_features': 'log2', 'min_samples_leaf': 1, 'min_samples_split': 50, 'n_estimators': 1500}0.6450390757730207
{'max_depth': 12, 'max_features': 'log2', 'min_samples_leaf': 5, 'min_samples_split': 2, 'n_estimators': 20}0.5896194359497112
{'max_depth': 12, 'max_features': 'log2', 'min_samples_leaf': 5, 'min_samples_split': 2, 'n_estimators': 100}0.6006455997281686
{'max_depth': 12, 'max_features': 'log2', 'min_samples_leaf': 5, 'min_samples_split': 2, 'n_estimators': 500}0.6247196738022426
{'max_depth': 12, 'max_features': 'log2', 'min_samples_leaf': 5, 'min_samples_split': 2, 'n_estimators': 1000}0.6394665307509345
{'max_depth': 12, 'max_features': 'log2', 'min_samples_leaf': 5, 'min_samples_split': 2, 'n_estimators': 1500}0.6265205572545022
{'max_depth': 12, 'max_features': 'log2', 'min_samples_leaf': 5, 'min_samples_split': 5, 'n_estimators': 20}0.6152565409446143
{'max_depth': 12, 'max_features': 'log2', 'min_samples_leaf': 5, 'min_samples_split': 5, 'n_estimators': 100}0.6135575942915392
{'max_depth': 12, 'max_features': 'log2', 'min_samples_leaf': 5, 'min_samples_split': 5, 'n_estimators': 500}0.6357458375806999
{'max_depth': 12, 'max_features': 'log2', 'min_samples_leaf': 5, 'min_samples_split': 5, 'n_estimators': 1000}0.6284063880394155
{'max_depth': 12, 'max_features': 'log2', 'min_samples_leaf': 5, 'min_samples_split': 5, 'n_estimators': 1500}0.6357798165137615
{'max_depth': 12, 'max_features': 'log2', 'min_samples_leaf': 5, 'min_samples_split': 20, 'n_estimators': 20}0.6395684675501189
{'max_depth': 12, 'max_features': 'log2', 'min_samples_leaf': 5, 'min_samples_split': 20, 'n_estimators': 100}0.6043493034318723
{'max_depth': 12, 'max_features': 'log2', 'min_samples_leaf': 5, 'min_samples_split': 20, 'n_estimators': 500}0.6450050968399592
{'max_depth': 12, 'max_features': 'log2', 'min_samples_leaf': 5, 'min_samples_split': 20, 'n_estimators': 1000}0.6246687054026504
{'max_depth': 12, 'max_features': 'log2', 'min_samples_leaf': 5, 'min_samples_split': 20, 'n_estimators': 1500}0.6413183826027863
{'max_depth': 12, 'max_features': 'log2', 'min_samples_leaf': 5, 'min_samples_split': 50, 'n_estimators': 20}0.6152905198776758
{'max_depth': 12, 'max_features': 'log2', 'min_samples_leaf': 5, 'min_samples_split': 50, 'n_estimators': 100}0.624702684335712
{'max_depth': 12, 'max_features': 'log2', 'min_samples_leaf': 5, 'min_samples_split': 50, 'n_estimators': 500}0.6209310227658852
{'max_depth': 12, 'max_features': 'log2', 'min_samples_leaf': 5, 'min_samples_split': 50, 'n_estimators': 1000}0.6135915732246008
{'max_depth': 12, 'max_features': 'log2', 'min_samples_leaf': 5, 'min_samples_split': 50, 'n_estimators': 1500}0.6376146788990826
{'max_depth': 12, 'max_features': 'log2', 'min_samples_leaf': 20, 'min_samples_split': 2, 'n_estimators': 20}0.5858647638464153
{'max_depth': 12, 'max_features': 'log2', 'min_samples_leaf': 20, 'min_samples_split': 2, 'n_estimators': 100}0.586017669045192
{'max_depth': 12, 'max_features': 'log2', 'min_samples_leaf': 20, 'min_samples_split': 2, 'n_estimators': 500}0.6081039755351683
{'max_depth': 12, 'max_features': 'log2', 'min_samples_leaf': 20, 'min_samples_split': 2, 'n_estimators': 1000}0.6210329595650698
{'max_depth': 12, 'max_features': 'log2', 'min_samples_leaf': 20, 'min_samples_split': 2, 'n_estimators': 1500}0.6135575942915393
{'max_depth': 12, 'max_features': 'log2', 'min_samples_leaf': 20, 'min_samples_split': 5, 'n_estimators': 20}0.5267074413863405
{'max_depth': 12, 'max_features': 'log2', 'min_samples_leaf': 20, 'min_samples_split': 5, 'n_estimators': 100}0.6580530071355759
{'max_depth': 12, 'max_features': 'log2', 'min_samples_leaf': 20, 'min_samples_split': 5, 'n_estimators': 500}0.6302412504247367
{'max_depth': 12, 'max_features': 'log2', 'min_samples_leaf': 20, 'min_samples_split': 5, 'n_estimators': 1000}0.6209989806320081
{'max_depth': 12, 'max_features': 'log2', 'min_samples_leaf': 20, 'min_samples_split': 5, 'n_estimators': 1500}0.6209819911654775
{'max_depth': 12, 'max_features': 'log2', 'min_samples_leaf': 20, 'min_samples_split': 20, 'n_estimators': 20}0.6394835202174652
{'max_depth': 12, 'max_features': 'log2', 'min_samples_leaf': 20, 'min_samples_split': 20, 'n_estimators': 100}0.6192320761128101
{'max_depth': 12, 'max_features': 'log2', 'min_samples_leaf': 20, 'min_samples_split': 20, 'n_estimators': 500}0.6228338430173292
{'max_depth': 12, 'max_features': 'log2', 'min_samples_leaf': 20, 'min_samples_split': 20, 'n_estimators': 1000}0.6063200815494394
{'max_depth': 12, 'max_features': 'log2', 'min_samples_leaf': 20, 'min_samples_split': 20, 'n_estimators': 1500}0.6099898063200816
{'max_depth': 12, 'max_features': 'log2', 'min_samples_leaf': 20, 'min_samples_split': 50, 'n_estimators': 20}0.5508154943934761
{'max_depth': 12, 'max_features': 'log2', 'min_samples_leaf': 20, 'min_samples_split': 50, 'n_estimators': 100}0.6322290180088346
{'max_depth': 12, 'max_features': 'log2', 'min_samples_leaf': 20, 'min_samples_split': 50, 'n_estimators': 500}0.6210839279646618
{'max_depth': 12, 'max_features': 'log2', 'min_samples_leaf': 20, 'min_samples_split': 50, 'n_estimators': 1000}0.6283893985728848
{'max_depth': 12, 'max_features': 'log2', 'min_samples_leaf': 20, 'min_samples_split': 50, 'n_estimators': 1500}0.6154774040095141
{'max_depth': 12, 'max_features': 'log2', 'min_samples_leaf': 50, 'min_samples_split': 2, 'n_estimators': 20}0.5729527692830445
{'max_depth': 12, 'max_features': 'log2', 'min_samples_leaf': 50, 'min_samples_split': 2, 'n_estimators': 100}0.6710159700985389
{'max_depth': 12, 'max_features': 'log2', 'min_samples_leaf': 50, 'min_samples_split': 2, 'n_estimators': 500}0.641335372069317
{'max_depth': 12, 'max_features': 'log2', 'min_samples_leaf': 50, 'min_samples_split': 2, 'n_estimators': 1000}0.6450050968399592
{'max_depth': 12, 'max_features': 'log2', 'min_samples_leaf': 50, 'min_samples_split': 2, 'n_estimators': 1500}0.6359157322460075
{'max_depth': 12, 'max_features': 'log2', 'min_samples_leaf': 50, 'min_samples_split': 5, 'n_estimators': 20}0.5931872239211688
{'max_depth': 12, 'max_features': 'log2', 'min_samples_leaf': 50, 'min_samples_split': 5, 'n_estimators': 100}0.593391097519538
{'max_depth': 12, 'max_features': 'log2', 'min_samples_leaf': 50, 'min_samples_split': 5, 'n_estimators': 500}0.6359667006455998
{'max_depth': 12, 'max_features': 'log2', 'min_samples_leaf': 50, 'min_samples_split': 5, 'n_estimators': 1000}0.6007985049269453
{'max_depth': 12, 'max_features': 'log2', 'min_samples_leaf': 50, 'min_samples_split': 5, 'n_estimators': 1500}0.6561501868841318
{'max_depth': 12, 'max_features': 'log2', 'min_samples_leaf': 50, 'min_samples_split': 20, 'n_estimators': 20}0.5324159021406728
{'max_depth': 12, 'max_features': 'log2', 'min_samples_leaf': 50, 'min_samples_split': 20, 'n_estimators': 100}0.5934080869860686
{'max_depth': 12, 'max_features': 'log2', 'min_samples_leaf': 50, 'min_samples_split': 20, 'n_estimators': 500}0.5989636425416243
{'max_depth': 12, 'max_features': 'log2', 'min_samples_leaf': 50, 'min_samples_split': 20, 'n_estimators': 1000}0.6228338430173292
{'max_depth': 12, 'max_features': 'log2', 'min_samples_leaf': 50, 'min_samples_split': 20, 'n_estimators': 1500}0.6377166156982671
{'max_depth': 12, 'max_features': 'log2', 'min_samples_leaf': 50, 'min_samples_split': 50, 'n_estimators': 20}0.5896534148827727
{'max_depth': 12, 'max_features': 'log2', 'min_samples_leaf': 50, 'min_samples_split': 50, 'n_estimators': 100}0.6285762827047231
{'max_depth': 12, 'max_features': 'log2', 'min_samples_leaf': 50, 'min_samples_split': 50, 'n_estimators': 500}0.6320591233435271
{'max_depth': 12, 'max_features': 'log2', 'min_samples_leaf': 50, 'min_samples_split': 50, 'n_estimators': 1000}0.6267414203194019
{'max_depth': 12, 'max_features': 'log2', 'min_samples_leaf': 50, 'min_samples_split': 50, 'n_estimators': 1500}0.6487767584097859
{'max_depth': 12, 'max_features': None, 'min_samples_leaf': 1, 'min_samples_split': 2, 'n_estimators': 20}0.6227828746177371
{'max_depth': 12, 'max_features': None, 'min_samples_leaf': 1, 'min_samples_split': 2, 'n_estimators': 100}0.6209650016989466
{'max_depth': 12, 'max_features': None, 'min_samples_leaf': 1, 'min_samples_split': 2, 'n_estimators': 500}0.6393985728848115
{'max_depth': 12, 'max_features': None, 'min_samples_leaf': 1, 'min_samples_split': 2, 'n_estimators': 1000}0.6393815834182807
{'max_depth': 12, 'max_features': None, 'min_samples_leaf': 1, 'min_samples_split': 2, 'n_estimators': 1500}0.6338600067957867
{'max_depth': 12, 'max_features': None, 'min_samples_leaf': 1, 'min_samples_split': 5, 'n_estimators': 20}0.639432551817873
{'max_depth': 12, 'max_features': None, 'min_samples_leaf': 1, 'min_samples_split': 5, 'n_estimators': 100}0.6356948691811077
{'max_depth': 12, 'max_features': None, 'min_samples_leaf': 1, 'min_samples_split': 5, 'n_estimators': 500}0.6394325518178728
{'max_depth': 12, 'max_features': None, 'min_samples_leaf': 1, 'min_samples_split': 5, 'n_estimators': 1000}0.6375806999660211
{'max_depth': 12, 'max_features': None, 'min_samples_leaf': 1, 'min_samples_split': 5, 'n_estimators': 1500}0.6393985728848114
{'max_depth': 12, 'max_features': None, 'min_samples_leaf': 1, 'min_samples_split': 20, 'n_estimators': 20}0.6080190282025144
{'max_depth': 12, 'max_features': None, 'min_samples_leaf': 1, 'min_samples_split': 20, 'n_estimators': 100}0.6302412504247367
{'max_depth': 12, 'max_features': None, 'min_samples_leaf': 1, 'min_samples_split': 20, 'n_estimators': 500}0.6320251444104655
{'max_depth': 12, 'max_features': None, 'min_samples_leaf': 1, 'min_samples_split': 20, 'n_estimators': 1000}0.6357288481141692
{'max_depth': 12, 'max_features': None, 'min_samples_leaf': 1, 'min_samples_split': 20, 'n_estimators': 1500}0.6357118586476385
{'max_depth': 12, 'max_features': None, 'min_samples_leaf': 1, 'min_samples_split': 50, 'n_estimators': 20}0.6430682976554536
{'max_depth': 12, 'max_features': None, 'min_samples_leaf': 1, 'min_samples_split': 50, 'n_estimators': 100}0.6338939857288481
{'max_depth': 12, 'max_features': None, 'min_samples_leaf': 1, 'min_samples_split': 50, 'n_estimators': 500}0.6413183826027863
{'max_depth': 12, 'max_features': None, 'min_samples_leaf': 1, 'min_samples_split': 50, 'n_estimators': 1000}0.6431362555215766
{'max_depth': 12, 'max_features': None, 'min_samples_leaf': 1, 'min_samples_split': 50, 'n_estimators': 1500}0.6394495412844037
{'max_depth': 12, 'max_features': None, 'min_samples_leaf': 5, 'min_samples_split': 2, 'n_estimators': 20}0.6265035677879714
{'max_depth': 12, 'max_features': None, 'min_samples_leaf': 5, 'min_samples_split': 2, 'n_estimators': 100}0.6282874617737002
{'max_depth': 12, 'max_features': None, 'min_samples_leaf': 5, 'min_samples_split': 2, 'n_estimators': 500}0.6320421338769963
{'max_depth': 12, 'max_features': None, 'min_samples_leaf': 5, 'min_samples_split': 2, 'n_estimators': 1000}0.635677879714577
{'max_depth': 12, 'max_features': None, 'min_samples_leaf': 5, 'min_samples_split': 2, 'n_estimators': 1500}0.6357118586476385
{'max_depth': 12, 'max_features': None, 'min_samples_leaf': 5, 'min_samples_split': 5, 'n_estimators': 20}0.6264186204553177
{'max_depth': 12, 'max_features': None, 'min_samples_leaf': 5, 'min_samples_split': 5, 'n_estimators': 100}0.6338260278627251
{'max_depth': 12, 'max_features': None, 'min_samples_leaf': 5, 'min_samples_split': 5, 'n_estimators': 500}0.630156303092083
{'max_depth': 12, 'max_features': None, 'min_samples_leaf': 5, 'min_samples_split': 5, 'n_estimators': 1000}0.631991165477404
{'max_depth': 12, 'max_features': None, 'min_samples_leaf': 5, 'min_samples_split': 5, 'n_estimators': 1500}0.6301393136255522
{'max_depth': 12, 'max_features': None, 'min_samples_leaf': 5, 'min_samples_split': 20, 'n_estimators': 20}0.6282704723071696
{'max_depth': 12, 'max_features': None, 'min_samples_leaf': 5, 'min_samples_split': 20, 'n_estimators': 100}0.6246007475365274
{'max_depth': 12, 'max_features': None, 'min_samples_leaf': 5, 'min_samples_split': 20, 'n_estimators': 500}0.6301563030920829
{'max_depth': 12, 'max_features': None, 'min_samples_leaf': 5, 'min_samples_split': 20, 'n_estimators': 1000}0.6301732925586137
{'max_depth': 12, 'max_features': None, 'min_samples_leaf': 5, 'min_samples_split': 20, 'n_estimators': 1500}0.6320081549439347
{'max_depth': 12, 'max_features': None, 'min_samples_leaf': 5, 'min_samples_split': 50, 'n_estimators': 20}0.6172443085287121
{'max_depth': 12, 'max_features': None, 'min_samples_leaf': 5, 'min_samples_split': 50, 'n_estimators': 100}0.6301393136255522
{'max_depth': 12, 'max_features': None, 'min_samples_leaf': 5, 'min_samples_split': 50, 'n_estimators': 500}0.6264525993883792
{'max_depth': 12, 'max_features': None, 'min_samples_leaf': 5, 'min_samples_split': 50, 'n_estimators': 1000}0.6283044512402312
{'max_depth': 12, 'max_features': None, 'min_samples_leaf': 5, 'min_samples_split': 50, 'n_estimators': 1500}0.6301563030920828
{'max_depth': 12, 'max_features': None, 'min_samples_leaf': 20, 'min_samples_split': 2, 'n_estimators': 20}0.6357288481141692
{'max_depth': 12, 'max_features': None, 'min_samples_leaf': 20, 'min_samples_split': 2, 'n_estimators': 100}0.6357458375806999
{'max_depth': 12, 'max_features': None, 'min_samples_leaf': 20, 'min_samples_split': 2, 'n_estimators': 500}0.6283384301732926
{'max_depth': 12, 'max_features': None, 'min_samples_leaf': 20, 'min_samples_split': 2, 'n_estimators': 1000}0.6265035677879714
{'max_depth': 12, 'max_features': None, 'min_samples_leaf': 20, 'min_samples_split': 2, 'n_estimators': 1500}0.6357458375807
{'max_depth': 12, 'max_features': None, 'min_samples_leaf': 20, 'min_samples_split': 5, 'n_estimators': 20}0.6358137954468229
{'max_depth': 12, 'max_features': None, 'min_samples_leaf': 20, 'min_samples_split': 5, 'n_estimators': 100}0.6283214407067618
{'max_depth': 12, 'max_features': None, 'min_samples_leaf': 20, 'min_samples_split': 5, 'n_estimators': 500}0.6375976894325519
{'max_depth': 12, 'max_features': None, 'min_samples_leaf': 20, 'min_samples_split': 5, 'n_estimators': 1000}0.6320421338769963
{'max_depth': 12, 'max_features': None, 'min_samples_leaf': 20, 'min_samples_split': 5, 'n_estimators': 1500}0.6338939857288481
{'max_depth': 12, 'max_features': None, 'min_samples_leaf': 20, 'min_samples_split': 20, 'n_estimators': 20}0.6062181447502548
{'max_depth': 12, 'max_features': None, 'min_samples_leaf': 20, 'min_samples_split': 20, 'n_estimators': 100}0.6246856948691811
{'max_depth': 12, 'max_features': None, 'min_samples_leaf': 20, 'min_samples_split': 20, 'n_estimators': 500}0.6302242609582059
{'max_depth': 12, 'max_features': None, 'min_samples_leaf': 20, 'min_samples_split': 20, 'n_estimators': 1000}0.6265035677879716
{'max_depth': 12, 'max_features': None, 'min_samples_leaf': 20, 'min_samples_split': 20, 'n_estimators': 1500}0.6283724091063541
{'max_depth': 12, 'max_features': None, 'min_samples_leaf': 20, 'min_samples_split': 50, 'n_estimators': 20}0.6246856948691811
{'max_depth': 12, 'max_features': None, 'min_samples_leaf': 20, 'min_samples_split': 50, 'n_estimators': 100}0.6357288481141692
{'max_depth': 12, 'max_features': None, 'min_samples_leaf': 20, 'min_samples_split': 50, 'n_estimators': 500}0.6302072714916752
{'max_depth': 12, 'max_features': None, 'min_samples_leaf': 20, 'min_samples_split': 50, 'n_estimators': 1000}0.6265035677879716
{'max_depth': 12, 'max_features': None, 'min_samples_leaf': 20, 'min_samples_split': 50, 'n_estimators': 1500}0.6265035677879716
{'max_depth': 12, 'max_features': None, 'min_samples_leaf': 50, 'min_samples_split': 2, 'n_estimators': 20}0.6118756371049949
{'max_depth': 12, 'max_features': None, 'min_samples_leaf': 50, 'min_samples_split': 2, 'n_estimators': 100}0.5896873938158342
{'max_depth': 12, 'max_features': None, 'min_samples_leaf': 50, 'min_samples_split': 2, 'n_estimators': 500}0.5970608222901801
{'max_depth': 12, 'max_features': None, 'min_samples_leaf': 50, 'min_samples_split': 2, 'n_estimators': 1000}0.595225959904859
{'max_depth': 12, 'max_features': None, 'min_samples_leaf': 50, 'min_samples_split': 2, 'n_estimators': 1500}0.5970778117567108
{'max_depth': 12, 'max_features': None, 'min_samples_leaf': 50, 'min_samples_split': 5, 'n_estimators': 20}0.6117737003058104
{'max_depth': 12, 'max_features': None, 'min_samples_leaf': 50, 'min_samples_split': 5, 'n_estimators': 100}0.5897043832823649
{'max_depth': 12, 'max_features': None, 'min_samples_leaf': 50, 'min_samples_split': 5, 'n_estimators': 500}0.5933571185864764
{'max_depth': 12, 'max_features': None, 'min_samples_leaf': 50, 'min_samples_split': 5, 'n_estimators': 1000}0.5952429493713898
{'max_depth': 12, 'max_features': None, 'min_samples_leaf': 50, 'min_samples_split': 5, 'n_estimators': 1500}0.5952089704383281
{'max_depth': 12, 'max_features': None, 'min_samples_leaf': 50, 'min_samples_split': 20, 'n_estimators': 20}0.5804621134896365
{'max_depth': 12, 'max_features': None, 'min_samples_leaf': 50, 'min_samples_split': 20, 'n_estimators': 100}0.5823649337410807
{'max_depth': 12, 'max_features': None, 'min_samples_leaf': 50, 'min_samples_split': 20, 'n_estimators': 500}0.5970608222901801
{'max_depth': 12, 'max_features': None, 'min_samples_leaf': 50, 'min_samples_split': 20, 'n_estimators': 1000}0.586017669045192
{'max_depth': 12, 'max_features': None, 'min_samples_leaf': 50, 'min_samples_split': 20, 'n_estimators': 1500}0.595225959904859
{'max_depth': 12, 'max_features': None, 'min_samples_leaf': 50, 'min_samples_split': 50, 'n_estimators': 20}0.5897553516819573
{'max_depth': 12, 'max_features': None, 'min_samples_leaf': 50, 'min_samples_split': 50, 'n_estimators': 100}0.5970948012232415
{'max_depth': 12, 'max_features': None, 'min_samples_leaf': 50, 'min_samples_split': 50, 'n_estimators': 500}0.5915222562011554
{'max_depth': 12, 'max_features': None, 'min_samples_leaf': 50, 'min_samples_split': 50, 'n_estimators': 1000}0.595225959904859
{'max_depth': 12, 'max_features': None, 'min_samples_leaf': 50, 'min_samples_split': 50, 'n_estimators': 1500}0.593391097519538
